Date(UTC),Time(UTC),Receiver,Transmitter,TransmitterName,TransmitterSerial,SensorValue,SensorUnit,StationName,Latitude,Longitude
2013-11-16,02:17:31,VR2W-122340,A69-1601-28263,,,,,Genk SA
2013-11-16,02:22:25,VR2W-122340,A69-1601-28263,,,,,Genk SA
2013-11-16,02:24:01,VR2W-122340,A69-1601-28263,,,,,Genk SA
2013-11-16,02:25:34,VR2W-122340,A69-1601-28263,,,,,Genk SA
2013-11-16,02:27:02,VR2W-122340,A69-1601-28263,,,,,Genk SA
2013-11-16,02:28:20,VR2W-122340,A69-1601-28263,,,,,Genk SA
2013-11-16,02:29:15,VR2W-122340,A69-1601-28263,,,,,Genk SA
2013-11-16,02:30:16,VR2W-122340,A69-1601-28263,,,,,Genk SA
2013-11-16,02:31:31,VR2W-122340,A69-1601-28263,,,,,Genk SA
2013-11-16,02:32:21,VR2W-122340,A69-1601-28263,,,,,Genk SA
2013-11-16,02:33:13,VR2W-122340,A69-1601-28263,,,,,Genk SA
2013-11-16,02:34:08,VR2W-122340,A69-1601-28263,,,,,Genk SA
2013-11-16,02:35:09,VR2W-122340,A69-1601-28263,,,,,Genk SA
2013-11-16,02:36:22,VR2W-122340,A69-1601-28263,,,,,Genk SA
2013-11-16,02:37:59,VR2W-122340,A69-1601-28263,,,,,Genk SA
2013-11-16,02:39:35,VR2W-122340,A69-1601-28263,,,,,Genk SA
2013-11-16,02:41:07,VR2W-122340,A69-1601-28263,,,,,Genk SA
2013-11-16,02:42:31,VR2W-122340,A69-1601-28263,,,,,Genk SA
2013-11-16,02:43:42,VR2W-122340,A69-1601-28263,,,,,Genk SA
2013-11-16,02:45:15,VR2W-122340,A69-1601-28263,,,,,Genk SA
2013-11-16,02:46:43,VR2W-122340,A69-1601-28263,,,,,Genk SA
2013-11-16,02:47:59,VR2W-122340,A69-1601-28263,,,,,Genk SA
2013-11-16,02:48:52,VR2W-122340,A69-1601-28263,,,,,Genk SA
2013-11-16,02:49:51,VR2W-122340,A69-1601-28263,,,,,Genk SA
2013-11-16,02:50:58,VR2W-122340,A69-1601-28263,,,,,Genk SA
2013-11-16,02:52:24,VR2W-122340,A69-1601-28263,,,,,Genk SA
2013-11-16,02:53:38,VR2W-122340,A69-1601-28263,,,,,Genk SA
2013-11-16,02:56:53,VR2W-122340,A69-1601-28263,,,,,Genk SA
2013-11-16,03:04:09,VR2W-122340,A69-1601-28263,,,,,Genk SA
2013-11-16,03:10:56,VR2W-122340,A69-1601-28263,,,,,Genk SA
2013-11-16,03:11:47,VR2W-122340,A69-1601-28263,,,,,Genk SA
2013-11-16,03:12:40,VR2W-122340,A69-1601-28263,,,,,Genk SA
2013-11-16,03:13:37,VR2W-122340,A69-1601-28263,,,,,Genk SA
2013-11-16,03:14:43,VR2W-122340,A69-1601-28263,,,,,Genk SA
2013-11-16,03:19:40,VR2W-122340,A69-1601-28263,,,,,Genk SA
2013-11-16,03:21:03,VR2W-122340,A69-1601-28263,,,,,Genk SA
2013-11-16,03:22:11,VR2W-122340,A69-1601-28263,,,,,Genk SA
2013-11-16,03:23:37,VR2W-122340,A69-1601-28263,,,,,Genk SA
2013-11-16,03:25:42,VR2W-122340,A69-1601-28263,,,,,Genk SA
2013-11-16,03:27:25,VR2W-122340,A69-1601-28263,,,,,Genk SA
2013-11-16,03:28:22,VR2W-122340,A69-1601-28263,,,,,Genk SA
2013-11-16,03:29:26,VR2W-122340,A69-1601-28263,,,,,Genk SA
2013-11-16,03:30:46,VR2W-122340,A69-1601-28263,,,,,Genk SA
2013-11-16,03:38:33,VR2W-122340,A69-1601-28263,,,,,Genk SA
2013-11-16,03:41:10,VR2W-122340,A69-1601-28263,,,,,Genk SA
2013-11-16,03:46:25,VR2W-122340,A69-1601-28263,,,,,Genk SA
2013-11-16,03:47:29,VR2W-122340,A69-1601-28263,,,,,Genk SA
2013-11-16,03:48:48,VR2W-122340,A69-1601-28263,,,,,Genk SA
2013-11-16,03:49:48,VR2W-122340,A69-1601-28263,,,,,Genk SA
2013-11-16,03:50:58,VR2W-122340,A69-1601-28263,,,,,Genk SA
2013-11-16,03:52:28,VR2W-122340,A69-1601-28263,,,,,Genk SA
2013-11-16,03:53:50,VR2W-122340,A69-1601-28263,,,,,Genk SA
2013-11-16,03:54:56,VR2W-122340,A69-1601-28263,,,,,Genk SA
2013-11-16,03:56:18,VR2W-122340,A69-1601-28263,,,,,Genk SA
2013-11-16,03:57:24,VR2W-122340,A69-1601-28263,,,,,Genk SA
2013-11-16,03:58:46,VR2W-122340,A69-1601-28263,,,,,Genk SA
2013-11-16,03:59:52,VR2W-122340,A69-1601-28263,,,,,Genk SA
2013-11-16,04:01:15,VR2W-122340,A69-1601-28263,,,,,Genk SA
2013-11-16,04:02:22,VR2W-122340,A69-1601-28263,,,,,Genk SA
2013-11-16,04:05:00,VR2W-122340,A69-1601-28263,,,,,Genk SA
2013-11-16,04:08:10,VR2W-122340,A69-1601-28263,,,,,Genk SA
2013-11-16,04:10:54,VR2W-122340,A69-1601-28263,,,,,Genk SA
2013-11-16,04:12:48,VR2W-122340,A69-1601-28263,,,,,Genk SA
2013-11-16,04:20:51,VR2W-122340,A69-1601-28263,,,,,Genk SA
2013-11-16,04:21:51,VR2W-122340,A69-1601-28263,,,,,Genk SA
2013-11-16,04:26:07,VR2W-122340,A69-1601-28263,,,,,Genk SA
2013-11-16,04:27:29,VR2W-122340,A69-1601-28263,,,,,Genk SA
2013-11-16,04:29:50,VR2W-122340,A69-1601-28263,,,,,Genk SA
2013-11-16,04:30:47,VR2W-122340,A69-1601-28263,,,,,Genk SA
2013-11-16,04:31:52,VR2W-122340,A69-1601-28263,,,,,Genk SA
2013-11-16,04:33:12,VR2W-122340,A69-1601-28263,,,,,Genk SA
2013-11-16,04:34:15,VR2W-122340,A69-1601-28263,,,,,Genk SA
2013-11-16,04:35:31,VR2W-122340,A69-1601-28263,,,,,Genk SA
2013-11-16,04:36:25,VR2W-122340,A69-1601-28263,,,,,Genk SA
2013-11-16,04:37:23,VR2W-122340,A69-1601-28263,,,,,Genk SA
2013-11-16,04:38:31,VR2W-122340,A69-1601-28263,,,,,Genk SA
2013-11-16,04:41:13,VR2W-122340,A69-1601-28263,,,,,Genk SA
2013-11-16,04:42:03,VR2W-122340,A69-1601-28263,,,,,Genk SA
2013-11-16,04:43:51,VR2W-122340,A69-1601-28263,,,,,Genk SA
2013-11-16,04:46:08,VR2W-122340,A69-1601-28263,,,,,Genk SA
2013-11-16,04:47:00,VR2W-122340,A69-1601-28263,,,,,Genk SA
2013-11-16,04:47:55,VR2W-122340,A69-1601-28263,,,,,Genk SA
2013-11-16,04:48:56,VR2W-122340,A69-1601-28263,,,,,Genk SA
2013-11-16,04:50:09,VR2W-122340,A69-1601-28263,,,,,Genk SA
2013-11-16,04:53:21,VR2W-122340,A69-1601-28263,,,,,Genk SA
2013-11-16,04:54:52,VR2W-122340,A69-1601-28263,,,,,Genk SA
2013-11-16,04:56:15,VR2W-122340,A69-1601-28263,,,,,Genk SA
2013-11-16,04:58:48,VR2W-122340,A69-1601-28263,,,,,Genk SA
2013-11-16,05:00:01,VR2W-122340,A69-1601-28263,,,,,Genk SA
2013-11-16,05:01:37,VR2W-122340,A69-1601-28263,,,,,Genk SA
2013-11-16,05:06:01,VR2W-122340,A69-1601-28263,,,,,Genk SA
2013-11-16,05:07:03,VR2W-122340,A69-1601-28263,,,,,Genk SA
2013-11-16,05:08:18,VR2W-122340,A69-1601-28263,,,,,Genk SA
2013-11-16,05:09:08,VR2W-122340,A69-1601-28263,,,,,Genk SA
2013-11-16,05:11:52,VR2W-122340,A69-1601-28263,,,,,Genk SA
2013-11-16,05:13:00,VR2W-122340,A69-1601-28263,,,,,Genk SA
2013-11-16,05:14:29,VR2W-122340,A69-1601-28263,,,,,Genk SA
2013-11-16,05:16:42,VR2W-122340,A69-1601-28263,,,,,Genk SA
2013-11-16,05:19:04,VR2W-122340,A69-1601-28263,,,,,Genk SA
2013-11-16,05:21:09,VR2W-122340,A69-1601-28263,,,,,Genk SA
2013-11-16,05:26:44,VR2W-122340,A69-1601-28263,,,,,Genk SA
2013-11-16,05:28:47,VR2W-122340,A69-1601-28263,,,,,Genk SA
2013-11-16,05:36:15,VR2W-122340,A69-1601-28263,,,,,Genk SA
2013-11-16,05:37:10,VR2W-122340,A69-1601-28263,,,,,Genk SA
2013-11-16,05:38:11,VR2W-122340,A69-1601-28263,,,,,Genk SA
2013-11-16,05:39:25,VR2W-122340,A69-1601-28263,,,,,Genk SA
2013-11-16,05:43:34,VR2W-122340,A69-1601-28263,,,,,Genk SA
2013-11-16,05:44:27,VR2W-122340,A69-1601-28263,,,,,Genk SA
2013-11-16,05:45:25,VR2W-122340,A69-1601-28263,,,,,Genk SA
2013-11-16,05:46:31,VR2W-122340,A69-1601-28263,,,,,Genk SA
2013-11-16,05:47:55,VR2W-122340,A69-1601-28263,,,,,Genk SA
2013-11-16,05:49:02,VR2W-122340,A69-1601-28263,,,,,Genk SA
2013-11-16,05:50:29,VR2W-122340,A69-1601-28263,,,,,Genk SA
2013-11-16,05:54:10,VR2W-122340,A69-1601-28263,,,,,Genk SA
2013-11-16,05:56:40,VR2W-122340,A69-1601-28263,,,,,Genk SA
2013-11-16,05:59:29,VR2W-122340,A69-1601-28263,,,,,Genk SA
2013-11-16,06:03:16,VR2W-122340,A69-1601-28263,,,,,Genk SA
2013-11-16,06:04:11,VR2W-122340,A69-1601-28263,,,,,Genk SA
2013-11-16,06:07:22,VR2W-122340,A69-1601-28263,,,,,Genk SA
2013-11-16,06:11:45,VR2W-122340,A69-1601-28263,,,,,Genk SA
2013-11-16,06:23:21,VR2W-122340,A69-1601-28263,,,,,Genk SA
2013-11-16,16:33:02,VR2W-122340,A69-1601-28263,,,,,Genk SA
2013-11-16,17:06:15,VR2W-122340,A69-1601-28263,,,,,Genk SA
2013-11-16,17:08:12,VR2W-122340,A69-1601-28263,,,,,Genk SA
2013-11-16,17:14:22,VR2W-122340,A69-1601-28263,,,,,Genk SA
2013-11-16,17:20:55,VR2W-122340,A69-1601-28263,,,,,Genk SA
2013-11-16,18:41:07,VR2W-122340,A69-1601-28263,,,,,Genk SA
2013-11-16,18:47:46,VR2W-122340,A69-1601-28263,,,,,Genk SA
2013-11-16,18:59:49,VR2W-122340,A69-1601-28263,,,,,Genk SA
2013-11-16,19:05:31,VR2W-122340,A69-1601-28263,,,,,Genk SA
2013-11-16,19:09:22,VR2W-122340,A69-1601-28263,,,,,Genk SA
2013-11-16,19:13:30,VR2W-122340,A69-1601-28263,,,,,Genk SA
2013-11-16,19:16:45,VR2W-122340,A69-1601-28263,,,,,Genk SA
2013-11-16,19:18:39,VR2W-122340,A69-1601-28263,,,,,Genk SA
2013-11-16,19:19:49,VR2W-122340,A69-1601-28263,,,,,Genk SA
2013-11-16,19:22:45,VR2W-122340,A69-1601-28263,,,,,Genk SA
2013-11-16,19:27:59,VR2W-122340,A69-1601-28263,,,,,Genk SA
2013-11-16,19:35:24,VR2W-122340,A69-1601-28263,,,,,Genk SA
2013-11-16,19:38:18,VR2W-122340,A69-1601-28263,,,,,Genk SA
2013-11-16,19:41:55,VR2W-122340,A69-1601-28263,,,,,Genk SA
2013-11-16,19:46:26,VR2W-122340,A69-1601-28263,,,,,Genk SA
2013-11-16,20:16:33,VR2W-122340,A69-1601-28263,,,,,Genk SA
2013-11-16,20:30:30,VR2W-122340,A69-1601-28263,,,,,Genk SA
2013-11-16,20:58:50,VR2W-122340,A69-1601-28263,,,,,Genk SA
2013-11-16,21:04:32,VR2W-122340,A69-1601-28263,,,,,Genk SA
2013-11-16,21:07:10,VR2W-122340,A69-1601-28263,,,,,Genk SA
2013-11-16,21:18:08,VR2W-122340,A69-1601-28263,,,,,Genk SA
2013-11-16,21:19:44,VR2W-122340,A69-1601-28263,,,,,Genk SA
2013-11-16,21:30:55,VR2W-122340,A69-1601-28263,,,,,Genk SA
2013-11-16,21:33:01,VR2W-122340,A69-1601-28263,,,,,Genk SA
2013-11-16,21:36:05,VR2W-122340,A69-1601-28263,,,,,Genk SA
2013-11-16,21:37:35,VR2W-122340,A69-1601-28263,,,,,Genk SA
2013-11-16,21:38:58,VR2W-122340,A69-1601-28263,,,,,Genk SA
2013-11-16,21:40:04,VR2W-122340,A69-1601-28263,,,,,Genk SA
2013-11-16,21:41:28,VR2W-122340,A69-1601-28263,,,,,Genk SA
2013-11-16,21:42:37,VR2W-122340,A69-1601-28263,,,,,Genk SA
2013-11-16,21:45:23,VR2W-122340,A69-1601-28263,,,,,Genk SA
2013-11-16,21:46:20,VR2W-122340,A69-1601-28263,,,,,Genk SA
2013-11-16,21:48:46,VR2W-122340,A69-1601-28263,,,,,Genk SA
2013-11-16,21:51:08,VR2W-122340,A69-1601-28263,,,,,Genk SA
2013-11-16,22:02:17,VR2W-122340,A69-1601-28263,,,,,Genk SA
2013-11-16,22:03:43,VR2W-122340,A69-1601-28263,,,,,Genk SA
2013-11-16,22:04:57,VR2W-122340,A69-1601-28263,,,,,Genk SA
2013-11-16,22:05:46,VR2W-122340,A69-1601-28263,,,,,Genk SA
2013-11-16,22:06:35,VR2W-122340,A69-1601-28263,,,,,Genk SA
2013-11-16,22:15:27,VR2W-122340,A69-1601-28263,,,,,Genk SA
2013-11-16,22:19:37,VR2W-122340,A69-1601-28263,,,,,Genk SA
2013-11-16,22:22:44,VR2W-122340,A69-1601-28263,,,,,Genk SA
2013-11-16,22:26:57,VR2W-122340,A69-1601-28263,,,,,Genk SA
2013-11-16,22:28:28,VR2W-122340,A69-1601-28263,,,,,Genk SA
2013-11-16,22:31:02,VR2W-122340,A69-1601-28263,,,,,Genk SA
2013-11-16,22:33:52,VR2W-122340,A69-1601-28263,,,,,Genk SA
2013-11-16,22:37:03,VR2W-122340,A69-1601-28263,,,,,Genk SA
2013-11-16,22:38:01,VR2W-122340,A69-1601-28263,,,,,Genk SA
2013-11-16,22:39:06,VR2W-122340,A69-1601-28263,,,,,Genk SA
2013-11-16,22:42:53,VR2W-122340,A69-1601-28263,,,,,Genk SA
2013-11-16,22:43:55,VR2W-122340,A69-1601-28263,,,,,Genk SA
2013-11-18,12:17:09,VR2W-122340,A69-1601-28263,,,,,Genk SA
2013-11-18,12:25:51,VR2W-122340,A69-1601-28263,,,,,Genk SA
2013-11-18,12:30:29,VR2W-122340,A69-1601-28263,,,,,Genk SA
2013-11-18,12:31:19,VR2W-122340,A69-1601-28263,,,,,Genk SA
2013-11-18,12:46:59,VR2W-122340,A69-1601-28263,,,,,Genk SA
2013-11-18,12:47:55,VR2W-122340,A69-1601-28263,,,,,Genk SA
2013-11-18,12:57:20,VR2W-122340,A69-1601-28263,,,,,Genk SA
2013-11-18,13:08:40,VR2W-122340,A69-1601-28263,,,,,Genk SA
2013-11-18,13:44:21,VR2W-122340,A69-1601-28263,,,,,Genk SA
2013-11-20,12:36:04,VR2W-122340,A69-1601-28263,,,,,Genk SA
2013-11-20,12:37:01,VR2W-122340,A69-1601-28263,,,,,Genk SA
2013-11-20,15:27:35,VR2W-122340,A69-1601-28263,,,,,Genk SA
2013-11-20,15:44:37,VR2W-122340,A69-1601-28263,,,,,Genk SA
2013-11-20,16:07:19,VR2W-122340,A69-1601-28263,,,,,Genk SA
2013-11-20,19:09:30,VR2W-122340,A69-1601-28263,,,,,Genk SA
2013-11-20,19:24:47,VR2W-122340,A69-1601-28263,,,,,Genk SA
2013-11-20,19:32:02,VR2W-122340,A69-1601-28263,,,,,Genk SA
2013-11-25,06:21:12,VR2W-122340,A69-1601-28263,,,,,Genk SA
2013-11-25,06:22:29,VR2W-122340,A69-1601-28263,,,,,Genk SA
2013-11-25,06:23:26,VR2W-122340,A69-1601-28263,,,,,Genk SA
2013-11-25,06:24:31,VR2W-122340,A69-1601-28263,,,,,Genk SA
2013-11-25,07:06:05,VR2W-122340,A69-1601-28263,,,,,Genk SA
2013-11-25,07:08:23,VR2W-122340,A69-1601-28263,,,,,Genk SA
2013-11-25,07:24:21,VR2W-122340,A69-1601-28263,,,,,Genk SA
2013-11-25,08:10:37,VR2W-122340,A69-1601-28263,,,,,Genk SA
2013-11-25,08:20:22,VR2W-122340,A69-1601-28263,,,,,Genk SA
2013-11-25,09:17:26,VR2W-122340,A69-1601-28263,,,,,Genk SA
2013-11-25,09:23:01,VR2W-122340,A69-1601-28263,,,,,Genk SA
2013-11-25,09:28:05,VR2W-122340,A69-1601-28263,,,,,Genk SA
2013-11-25,10:51:11,VR2W-122340,A69-1601-28263,,,,,Genk SA
2013-11-25,10:52:35,VR2W-122340,A69-1601-28263,,,,,Genk SA
2013-11-25,10:59:00,VR2W-122340,A69-1601-28263,,,,,Genk SA
2013-11-25,11:09:57,VR2W-122340,A69-1601-28263,,,,,Genk SA
2013-11-25,11:16:55,VR2W-122340,A69-1601-28263,,,,,Genk SA
2013-11-25,11:21:57,VR2W-122340,A69-1601-28263,,,,,Genk SA
2013-11-25,11:22:58,VR2W-122340,A69-1601-28263,,,,,Genk SA
2013-11-25,11:25:45,VR2W-122340,A69-1601-28263,,,,,Genk SA
2013-11-25,11:28:40,VR2W-122340,A69-1601-28263,,,,,Genk SA
2013-11-25,11:29:50,VR2W-122340,A69-1601-28263,,,,,Genk SA
2013-11-25,11:31:19,VR2W-122340,A69-1601-28263,,,,,Genk SA
2013-11-25,11:32:40,VR2W-122340,A69-1601-28263,,,,,Genk SA
2013-11-25,11:33:42,VR2W-122340,A69-1601-28263,,,,,Genk SA
2013-11-25,11:34:57,VR2W-122340,A69-1601-28263,,,,,Genk SA
2013-11-25,11:40:30,VR2W-122340,A69-1601-28263,,,,,Genk SA
2013-11-25,11:58:05,VR2W-122340,A69-1601-28263,,,,,Genk SA
2013-11-25,12:01:14,VR2W-122340,A69-1601-28263,,,,,Genk SA
2013-11-25,13:04:37,VR2W-122340,A69-1601-28263,,,,,Genk SA
2013-11-25,13:43:41,VR2W-122340,A69-1601-28263,,,,,Genk SA
2013-11-25,13:55:29,VR2W-122340,A69-1601-28263,,,,,Genk SA
2013-11-25,13:56:35,VR2W-122340,A69-1601-28263,,,,,Genk SA
2013-11-25,14:31:03,VR2W-122340,A69-1601-28263,,,,,Genk SA
2013-11-25,14:36:27,VR2W-122340,A69-1601-28263,,,,,Genk SA
2013-11-25,14:39:38,VR2W-122340,A69-1601-28263,,,,,Genk SA
2013-11-25,14:43:09,VR2W-122340,A69-1601-28263,,,,,Genk SA
2013-11-25,14:48:52,VR2W-122340,A69-1601-28263,,,,,Genk SA
2013-11-25,14:50:01,VR2W-122340,A69-1601-28263,,,,,Genk SA
2013-11-25,14:57:10,VR2W-122340,A69-1601-28263,,,,,Genk SA
2013-11-25,15:17:48,VR2W-122340,A69-1601-28263,,,,,Genk SA
2013-11-25,15:19:11,VR2W-122340,A69-1601-28263,,,,,Genk SA
2013-11-25,15:31:05,VR2W-122340,A69-1601-28263,,,,,Genk SA
2013-11-25,15:45:49,VR2W-122340,A69-1601-28263,,,,,Genk SA
2013-11-25,15:52:02,VR2W-122340,A69-1601-28263,,,,,Genk SA
2013-11-25,15:54:34,VR2W-122340,A69-1601-28263,,,,,Genk SA
2013-11-25,16:06:11,VR2W-122340,A69-1601-28263,,,,,Genk SA
2013-11-25,16:07:29,VR2W-122340,A69-1601-28263,,,,,Genk SA
2013-11-25,16:14:31,VR2W-122340,A69-1601-28263,,,,,Genk SA
2013-11-25,16:17:13,VR2W-122340,A69-1601-28263,,,,,Genk SA
2013-11-25,16:18:04,VR2W-122340,A69-1601-28263,,,,,Genk SA
2013-11-25,16:28:23,VR2W-122340,A69-1601-28263,,,,,Genk SA
2013-11-25,16:29:47,VR2W-122340,A69-1601-28263,,,,,Genk SA
2013-11-25,16:57:11,VR2W-122340,A69-1601-28263,,,,,Genk SA
2013-11-25,17:41:29,VR2W-122340,A69-1601-28263,,,,,Genk SA
2013-11-25,17:48:08,VR2W-122340,A69-1601-28263,,,,,Genk SA
2013-11-25,18:12:23,VR2W-122340,A69-1601-28263,,,,,Genk SA
2013-11-25,19:26:44,VR2W-122340,A69-1601-28263,,,,,Genk SA
2013-11-25,19:28:22,VR2W-122340,A69-1601-28263,,,,,Genk SA
2013-11-25,19:54:00,VR2W-122340,A69-1601-28263,,,,,Genk SA
2013-11-25,19:54:58,VR2W-122340,A69-1601-28263,,,,,Genk SA
2013-11-25,19:56:05,VR2W-122340,A69-1601-28263,,,,,Genk SA
2013-11-25,20:05:23,VR2W-122340,A69-1601-28263,,,,,Genk SA
2013-11-25,20:36:22,VR2W-122340,A69-1601-28263,,,,,Genk SA
2013-11-25,20:39:06,VR2W-122340,A69-1601-28263,,,,,Genk SA
2013-11-25,20:46:06,VR2W-122340,A69-1601-28263,,,,,Genk SA
2013-11-25,20:49:47,VR2W-122340,A69-1601-28263,,,,,Genk SA
2013-11-25,20:51:45,VR2W-122340,A69-1601-28263,,,,,Genk SA
2013-11-25,20:53:00,VR2W-122340,A69-1601-28263,,,,,Genk SA
2013-11-25,20:53:52,VR2W-122340,A69-1601-28263,,,,,Genk SA
2013-11-25,20:54:47,VR2W-122340,A69-1601-28263,,,,,Genk SA
2013-11-25,20:55:48,VR2W-122340,A69-1601-28263,,,,,Genk SA
2013-11-25,20:58:37,VR2W-122340,A69-1601-28263,,,,,Genk SA
2013-11-25,21:01:41,VR2W-122340,A69-1601-28263,,,,,Genk SA
2013-11-25,21:17:16,VR2W-122340,A69-1601-28263,,,,,Genk SA
2013-11-25,21:25:28,VR2W-122340,A69-1601-28263,,,,,Genk SA
2013-11-25,21:26:50,VR2W-122340,A69-1601-28263,,,,,Genk SA
2013-11-25,21:27:53,VR2W-122340,A69-1601-28263,,,,,Genk SA
2013-11-25,21:54:39,VR2W-122340,A69-1601-28263,,,,,Genk SA
2013-11-25,21:56:47,VR2W-122340,A69-1601-28263,,,,,Genk SA
2013-11-25,22:04:51,VR2W-122340,A69-1601-28263,,,,,Genk SA
2013-11-25,22:06:10,VR2W-122340,A69-1601-28263,,,,,Genk SA
2013-11-25,22:09:56,VR2W-122340,A69-1601-28263,,,,,Genk SA
2013-11-25,22:26:13,VR2W-122340,A69-1601-28263,,,,,Genk SA
2013-11-25,22:28:38,VR2W-122340,A69-1601-28263,,,,,Genk SA
2013-11-25,22:30:54,VR2W-122340,A69-1601-28263,,,,,Genk SA
2013-11-25,22:45:52,VR2W-122340,A69-1601-28263,,,,,Genk SA
2013-11-25,23:34:44,VR2W-122340,A69-1601-28263,,,,,Genk SA
2013-11-25,23:45:15,VR2W-122340,A69-1601-28263,,,,,Genk SA
2013-11-26,01:09:30,VR2W-122340,A69-1601-28263,,,,,Genk SA
2013-11-26,01:11:49,VR2W-122340,A69-1601-28263,,,,,Genk SA
2013-11-26,01:12:59,VR2W-122340,A69-1601-28263,,,,,Genk SA
2013-11-26,01:15:54,VR2W-122340,A69-1601-28263,,,,,Genk SA
2013-11-26,01:19:52,VR2W-122340,A69-1601-28263,,,,,Genk SA
2013-11-26,01:25:18,VR2W-122340,A69-1601-28263,,,,,Genk SA
2013-11-26,01:36:01,VR2W-122340,A69-1601-28263,,,,,Genk SA
2013-11-26,01:41:16,VR2W-122340,A69-1601-28263,,,,,Genk SA
2013-11-26,01:42:21,VR2W-122340,A69-1601-28263,,,,,Genk SA
2013-11-26,01:45:54,VR2W-122340,A69-1601-28263,,,,,Genk SA
2013-11-26,02:06:47,VR2W-122340,A69-1601-28263,,,,,Genk SA
2013-11-26,02:07:54,VR2W-122340,A69-1601-28263,,,,,Genk SA
2013-11-26,07:53:35,VR2W-122340,A69-1601-28263,,,,,Genk SA
2013-11-26,07:58:03,VR2W-122340,A69-1601-28263,,,,,Genk SA
2014-10-08,17:53:10,VR2W-122340,A69-1601-26451,,,,,Genk SA
2014-10-08,17:57:04,VR2W-122340,A69-1601-26451,,,,,Genk SA
2014-10-08,17:58:36,VR2W-122340,A69-1601-26451,,,,,Genk SA
2014-10-08,18:00:17,VR2W-122340,A69-1601-26451,,,,,Genk SA
2014-10-08,18:02:15,VR2W-122340,A69-1601-26451,,,,,Genk SA
2014-10-08,18:04:48,VR2W-122340,A69-1601-26451,,,,,Genk SA
2014-10-08,18:07:10,VR2W-122340,A69-1601-26451,,,,,Genk SA
2014-10-08,18:09:10,VR2W-122340,A69-1601-26451,,,,,Genk SA
2014-10-08,18:11:48,VR2W-122340,A69-1601-26451,,,,,Genk SA
2014-10-08,18:14:20,VR2W-122340,A69-1601-26451,,,,,Genk SA
2014-10-08,18:27:19,VR2W-122340,A69-1601-26451,,,,,Genk SA
2014-10-08,18:37:49,VR2W-122340,A69-1601-26451,,,,,Genk SA
2014-10-08,18:44:30,VR2W-122340,A69-1601-26451,,,,,Genk SA
2014-10-08,18:57:41,VR2W-122340,A69-1601-26451,,,,,Genk SA
2014-10-08,19:07:40,VR2W-122340,A69-1601-26451,,,,,Genk SA
2014-10-08,19:39:31,VR2W-122340,A69-1601-26451,,,,,Genk SA
2014-10-08,22:09:47,VR2W-122340,A69-1601-26451,,,,,Genk SA
2014-10-08,22:22:08,VR2W-122340,A69-1601-26451,,,,,Genk SA
2014-10-08,22:26:26,VR2W-122340,A69-1601-26451,,,,,Genk SA
2014-10-08,22:29:41,VR2W-122340,A69-1601-26451,,,,,Genk SA
2014-10-08,22:31:41,VR2W-122340,A69-1601-26451,,,,,Genk SA
2014-10-08,22:34:17,VR2W-122340,A69-1601-26451,,,,,Genk SA
2014-10-08,22:40:46,VR2W-122340,A69-1601-26451,,,,,Genk SA
2014-10-08,22:42:53,VR2W-122340,A69-1601-26451,,,,,Genk SA
2014-10-08,22:44:25,VR2W-122340,A69-1601-26451,,,,,Genk SA
2014-10-08,22:46:04,VR2W-122340,A69-1601-26451,,,,,Genk SA
2014-10-08,22:48:00,VR2W-122340,A69-1601-26451,,,,,Genk SA
2014-10-08,22:50:26,VR2W-122340,A69-1601-26451,,,,,Genk SA
2014-10-08,22:52:37,VR2W-122340,A69-1601-26451,,,,,Genk SA
2014-10-08,22:54:14,VR2W-122340,A69-1601-26451,,,,,Genk SA
2014-10-08,22:56:04,VR2W-122340,A69-1601-26451,,,,,Genk SA
2014-10-08,22:58:22,VR2W-122340,A69-1601-26451,,,,,Genk SA
2014-10-08,23:00:14,VR2W-122340,A69-1601-26451,,,,,Genk SA
2014-10-08,23:04:30,VR2W-122340,A69-1601-26451,,,,,Genk SA
2014-10-08,23:06:59,VR2W-122340,A69-1601-26451,,,,,Genk SA
2014-10-08,23:09:14,VR2W-122340,A69-1601-26451,,,,,Genk SA
2014-10-08,23:11:01,VR2W-122340,A69-1601-26451,,,,,Genk SA
2014-10-08,23:13:10,VR2W-122340,A69-1601-26451,,,,,Genk SA
2014-10-08,23:14:44,VR2W-122340,A69-1601-26451,,,,,Genk SA
2014-10-08,23:16:29,VR2W-122340,A69-1601-26451,,,,,Genk SA
2014-10-08,23:18:36,VR2W-122340,A69-1601-26451,,,,,Genk SA
2014-10-08,23:20:06,VR2W-122340,A69-1601-26451,,,,,Genk SA
2014-10-08,23:23:34,VR2W-122340,A69-1601-26451,,,,,Genk SA
2014-10-08,23:25:52,VR2W-122340,A69-1601-26451,,,,,Genk SA
2014-10-08,23:27:44,VR2W-122340,A69-1601-26451,,,,,Genk SA
2014-10-08,23:30:04,VR2W-122340,A69-1601-26451,,,,,Genk SA
2014-10-08,23:32:01,VR2W-122340,A69-1601-26451,,,,,Genk SA
2014-10-08,23:34:30,VR2W-122340,A69-1601-26451,,,,,Genk SA
2014-10-08,23:36:47,VR2W-122340,A69-1601-26451,,,,,Genk SA
2014-10-08,23:38:36,VR2W-122340,A69-1601-26451,,,,,Genk SA
2014-10-08,23:40:51,VR2W-122340,A69-1601-26451,,,,,Genk SA
2014-10-08,23:42:38,VR2W-122340,A69-1601-26451,,,,,Genk SA
2014-10-08,23:44:46,VR2W-122340,A69-1601-26451,,,,,Genk SA
2014-10-08,23:46:20,VR2W-122340,A69-1601-26451,,,,,Genk SA
2014-10-08,23:52:58,VR2W-122340,A69-1601-26451,,,,,Genk SA
2014-10-08,23:57:40,VR2W-122340,A69-1601-26451,,,,,Genk SA
2014-10-09,00:02:14,VR2W-122340,A69-1601-26451,,,,,Genk SA
2014-10-09,00:04:39,VR2W-122340,A69-1601-26451,,,,,Genk SA
2014-10-09,00:06:46,VR2W-122340,A69-1601-26451,,,,,Genk SA
2014-10-09,00:08:17,VR2W-122340,A69-1601-26451,,,,,Genk SA
2014-10-09,00:11:48,VR2W-122340,A69-1601-26451,,,,,Genk SA
2014-10-09,00:14:10,VR2W-122340,A69-1601-26451,,,,,Genk SA
2014-10-09,00:16:10,VR2W-122340,A69-1601-26451,,,,,Genk SA
2014-10-09,00:18:46,VR2W-122340,A69-1601-26451,,,,,Genk SA
2014-10-09,00:21:15,VR2W-122340,A69-1601-26451,,,,,Genk SA
2014-10-09,00:23:29,VR2W-122340,A69-1601-26451,,,,,Genk SA
2014-10-09,00:25:14,VR2W-122340,A69-1601-26451,,,,,Genk SA
2014-10-09,00:27:21,VR2W-122340,A69-1601-26451,,,,,Genk SA
2014-10-09,00:30:30,VR2W-122340,A69-1601-26451,,,,,Genk SA
2014-10-09,00:32:23,VR2W-122340,A69-1601-26451,,,,,Genk SA
2014-10-09,00:39:25,VR2W-122340,A69-1601-26451,,,,,Genk SA
2014-10-09,00:41:58,VR2W-122340,A69-1601-26451,,,,,Genk SA
2014-10-09,00:44:20,VR2W-122340,A69-1601-26451,,,,,Genk SA
2014-10-09,00:46:21,VR2W-122340,A69-1601-26451,,,,,Genk SA
2014-10-09,00:49:00,VR2W-122340,A69-1601-26451,,,,,Genk SA
2014-10-09,00:51:33,VR2W-122340,A69-1601-26451,,,,,Genk SA
2014-10-09,00:56:01,VR2W-122340,A69-1601-26451,,,,,Genk SA
2014-10-09,01:00:12,VR2W-122340,A69-1601-26451,,,,,Genk SA
2014-10-09,01:01:37,VR2W-122340,A69-1601-26451,,,,,Genk SA
2014-10-09,01:03:02,VR2W-122340,A69-1601-26451,,,,,Genk SA
2014-10-09,01:04:28,VR2W-122340,A69-1601-26451,,,,,Genk SA
2014-10-09,01:05:58,VR2W-122340,A69-1601-26451,,,,,Genk SA
2014-10-09,01:11:34,VR2W-122340,A69-1601-26451,,,,,Genk SA
2014-10-09,01:13:14,VR2W-122340,A69-1601-26451,,,,,Genk SA
2014-10-09,01:15:13,VR2W-122340,A69-1601-26451,,,,,Genk SA
2014-10-09,01:17:45,VR2W-122340,A69-1601-26451,,,,,Genk SA
2014-10-09,01:20:07,VR2W-122340,A69-1601-26451,,,,,Genk SA
2014-10-09,01:22:08,VR2W-122340,A69-1601-26451,,,,,Genk SA
2014-10-09,01:24:46,VR2W-122340,A69-1601-26451,,,,,Genk SA
2014-10-09,01:27:20,VR2W-122340,A69-1601-26451,,,,,Genk SA
2014-10-09,01:29:43,VR2W-122340,A69-1601-26451,,,,,Genk SA
2014-10-09,01:31:46,VR2W-122340,A69-1601-26451,,,,,Genk SA
2014-10-09,01:34:27,VR2W-122340,A69-1601-26451,,,,,Genk SA
2014-10-09,01:37:07,VR2W-122340,A69-1601-26451,,,,,Genk SA
2014-10-09,01:39:44,VR2W-122340,A69-1601-26451,,,,,Genk SA
2014-10-09,01:42:13,VR2W-122340,A69-1601-26451,,,,,Genk SA
2014-10-09,01:44:29,VR2W-122340,A69-1601-26451,,,,,Genk SA
2014-10-09,01:46:16,VR2W-122340,A69-1601-26451,,,,,Genk SA
2014-10-09,01:48:28,VR2W-122340,A69-1601-26451,,,,,Genk SA
2014-10-09,01:50:07,VR2W-122340,A69-1601-26451,,,,,Genk SA
2014-10-09,01:52:01,VR2W-122340,A69-1601-26451,,,,,Genk SA
2014-10-09,01:54:26,VR2W-122340,A69-1601-26451,,,,,Genk SA
2014-10-09,01:56:33,VR2W-122340,A69-1601-26451,,,,,Genk SA
2014-10-09,01:58:04,VR2W-122340,A69-1601-26451,,,,,Genk SA
2014-10-09,01:59:43,VR2W-122340,A69-1601-26451,,,,,Genk SA
2014-10-09,02:01:36,VR2W-122340,A69-1601-26451,,,,,Genk SA
2014-10-09,02:03:58,VR2W-122340,A69-1601-26451,,,,,Genk SA
2014-10-09,02:06:00,VR2W-122340,A69-1601-26451,,,,,Genk SA
2014-10-09,02:08:39,VR2W-122340,A69-1601-26451,,,,,Genk SA
2014-10-09,02:11:14,VR2W-122340,A69-1601-26451,,,,,Genk SA
2014-10-09,02:13:41,VR2W-122340,A69-1601-26451,,,,,Genk SA
2014-10-09,02:15:51,VR2W-122340,A69-1601-26451,,,,,Genk SA
2014-10-09,02:17:28,VR2W-122340,A69-1601-26451,,,,,Genk SA
2014-10-09,02:19:17,VR2W-122340,A69-1601-26451,,,,,Genk SA
2014-10-09,02:21:33,VR2W-122340,A69-1601-26451,,,,,Genk SA
2014-10-09,02:23:20,VR2W-122340,A69-1601-26451,,,,,Genk SA
2014-10-09,02:25:32,VR2W-122340,A69-1601-26451,,,,,Genk SA
2014-10-09,02:27:11,VR2W-122340,A69-1601-26451,,,,,Genk SA
2014-10-09,02:29:06,VR2W-122340,A69-1601-26451,,,,,Genk SA
2014-10-09,02:31:32,VR2W-122340,A69-1601-26451,,,,,Genk SA
2014-10-09,02:33:41,VR2W-122340,A69-1601-26451,,,,,Genk SA
2014-10-09,02:35:16,VR2W-122340,A69-1601-26451,,,,,Genk SA
2014-10-09,02:37:01,VR2W-122340,A69-1601-26451,,,,,Genk SA
2014-10-09,02:39:07,VR2W-122340,A69-1601-26451,,,,,Genk SA
2014-10-09,02:40:37,VR2W-122340,A69-1601-26451,,,,,Genk SA
2014-10-09,02:42:12,VR2W-122340,A69-1601-26451,,,,,Genk SA
2014-10-09,02:43:58,VR2W-122340,A69-1601-26451,,,,,Genk SA
2014-10-09,02:46:08,VR2W-122340,A69-1601-26451,,,,,Genk SA
2014-10-09,02:47:43,VR2W-122340,A69-1601-26451,,,,,Genk SA
2014-10-09,02:49:29,VR2W-122340,A69-1601-26451,,,,,Genk SA
2014-10-09,02:51:38,VR2W-122340,A69-1601-26451,,,,,Genk SA
2014-10-09,02:53:12,VR2W-122340,A69-1601-26451,,,,,Genk SA
2014-10-09,02:54:58,VR2W-122340,A69-1601-26451,,,,,Genk SA
2014-10-09,02:57:07,VR2W-122340,A69-1601-26451,,,,,Genk SA
2014-10-09,02:58:40,VR2W-122340,A69-1601-26451,,,,,Genk SA
2014-10-09,03:00:23,VR2W-122340,A69-1601-26451,,,,,Genk SA
2014-10-09,03:02:26,VR2W-122340,A69-1601-26451,,,,,Genk SA
2014-10-09,03:05:08,VR2W-122340,A69-1601-26451,,,,,Genk SA
2014-10-09,03:07:49,VR2W-122340,A69-1601-26451,,,,,Genk SA
2014-10-09,03:10:26,VR2W-122340,A69-1601-26451,,,,,Genk SA
2014-10-09,03:12:58,VR2W-122340,A69-1601-26451,,,,,Genk SA
2014-10-09,03:15:17,VR2W-122340,A69-1601-26451,,,,,Genk SA
2014-10-09,03:17:12,VR2W-122340,A69-1601-26451,,,,,Genk SA
2014-10-09,03:19:39,VR2W-122340,A69-1601-26451,,,,,Genk SA
2014-10-09,03:21:50,VR2W-122340,A69-1601-26451,,,,,Genk SA
2014-10-09,03:23:27,VR2W-122340,A69-1601-26451,,,,,Genk SA
2014-10-09,03:25:19,VR2W-122340,A69-1601-26451,,,,,Genk SA
2014-10-09,03:27:37,VR2W-122340,A69-1601-26451,,,,,Genk SA
2014-10-09,03:29:31,VR2W-122340,A69-1601-26451,,,,,Genk SA
2014-10-09,03:31:55,VR2W-122340,A69-1601-26451,,,,,Genk SA
2014-10-09,03:38:22,VR2W-122340,A69-1601-26451,,,,,Genk SA
2014-10-09,03:44:06,VR2W-122340,A69-1601-26451,,,,,Genk SA
2014-10-09,03:45:56,VR2W-122340,A69-1601-26451,,,,,Genk SA
2014-10-09,03:50:01,VR2W-122340,A69-1601-26451,,,,,Genk SA
2014-10-09,03:52:14,VR2W-122340,A69-1601-26451,,,,,Genk SA
2014-10-09,03:53:58,VR2W-122340,A69-1601-26451,,,,,Genk SA
2014-10-09,03:56:02,VR2W-122340,A69-1601-26451,,,,,Genk SA
2014-10-09,03:58:52,VR2W-122340,A69-1601-26451,,,,,Genk SA
2014-10-09,04:00:18,VR2W-122340,A69-1601-26451,,,,,Genk SA
2014-10-09,04:13:38,VR2W-122340,A69-1601-26451,,,,,Genk SA
2014-10-09,04:16:01,VR2W-122340,A69-1601-26451,,,,,Genk SA
2014-10-09,04:18:05,VR2W-122340,A69-1601-26451,,,,,Genk SA
2014-10-09,04:19:29,VR2W-122340,A69-1601-26451,,,,,Genk SA
2014-10-09,04:20:54,VR2W-122340,A69-1601-26451,,,,,Genk SA
2014-10-09,04:22:19,VR2W-122340,A69-1601-26451,,,,,Genk SA
2014-10-09,04:23:46,VR2W-122340,A69-1601-26451,,,,,Genk SA
2014-10-09,04:25:16,VR2W-122340,A69-1601-26451,,,,,Genk SA
2014-10-09,04:28:41,VR2W-122340,A69-1601-26451,,,,,Genk SA
2014-10-09,04:30:56,VR2W-122340,A69-1601-26451,,,,,Genk SA
2014-10-09,04:32:41,VR2W-122340,A69-1601-26451,,,,,Genk SA
2014-10-09,04:34:48,VR2W-122340,A69-1601-26451,,,,,Genk SA
2014-10-09,04:36:18,VR2W-122340,A69-1601-26451,,,,,Genk SA
2014-10-09,04:39:45,VR2W-122340,A69-1601-26451,,,,,Genk SA
2014-10-09,05:53:21,VR2W-122340,A69-1601-26451,,,,,Genk SA
2014-10-09,06:01:11,VR2W-122340,A69-1601-26451,,,,,Genk SA
2014-10-09,06:02:36,VR2W-122340,A69-1601-26451,,,,,Genk SA
2014-10-09,06:05:30,VR2W-122340,A69-1601-26451,,,,,Genk SA
2014-10-09,06:07:02,VR2W-122340,A69-1601-26451,,,,,Genk SA
2014-10-09,06:08:42,VR2W-122340,A69-1601-26451,,,,,Genk SA
2014-10-09,06:10:40,VR2W-122340,A69-1601-26451,,,,,Genk SA
2014-10-09,06:13:11,VR2W-122340,A69-1601-26451,,,,,Genk SA
2014-10-09,06:17:24,VR2W-122340,A69-1601-26451,,,,,Genk SA
2014-10-09,06:21:53,VR2W-122340,A69-1601-26451,,,,,Genk SA
2014-10-09,06:23:19,VR2W-122340,A69-1601-26451,,,,,Genk SA
2014-10-09,06:24:48,VR2W-122340,A69-1601-26451,,,,,Genk SA
2014-10-09,06:26:22,VR2W-122340,A69-1601-26451,,,,,Genk SA
2014-10-09,06:28:07,VR2W-122340,A69-1601-26451,,,,,Genk SA
2014-10-09,06:30:13,VR2W-122340,A69-1601-26451,,,,,Genk SA
2014-10-09,06:31:41,VR2W-122340,A69-1601-26451,,,,,Genk SA
2014-10-09,06:33:13,VR2W-122340,A69-1601-26451,,,,,Genk SA
2014-10-09,06:34:55,VR2W-122340,A69-1601-26451,,,,,Genk SA
2014-10-09,06:36:54,VR2W-122340,A69-1601-26451,,,,,Genk SA
2014-10-09,06:39:29,VR2W-122340,A69-1601-26451,,,,,Genk SA
2014-10-09,06:44:05,VR2W-122340,A69-1601-26451,,,,,Genk SA
2014-10-09,06:45:41,VR2W-122340,A69-1601-26451,,,,,Genk SA
2014-10-09,06:47:29,VR2W-122340,A69-1601-26451,,,,,Genk SA
2014-10-09,06:49:43,VR2W-122340,A69-1601-26451,,,,,Genk SA
2014-10-09,06:51:26,VR2W-122340,A69-1601-26451,,,,,Genk SA
2014-10-09,06:53:28,VR2W-122340,A69-1601-26451,,,,,Genk SA
2014-10-09,06:58:49,VR2W-122340,A69-1601-26451,,,,,Genk SA
2014-10-09,07:01:25,VR2W-122340,A69-1601-26451,,,,,Genk SA
2014-10-09,07:03:52,VR2W-122340,A69-1601-26451,,,,,Genk SA
2014-10-09,07:06:04,VR2W-122340,A69-1601-26451,,,,,Genk SA
2014-10-09,07:07:43,VR2W-122340,A69-1601-26451,,,,,Genk SA
2014-10-09,07:09:38,VR2W-122340,A69-1601-26451,,,,,Genk SA
2014-10-09,07:12:05,VR2W-122340,A69-1601-26451,,,,,Genk SA
2014-10-09,07:15:50,VR2W-122340,A69-1601-26451,,,,,Genk SA
2014-10-09,07:19:52,VR2W-122340,A69-1601-26451,,,,,Genk SA
2014-10-09,07:26:22,VR2W-122340,A69-1601-26451,,,,,Genk SA
2014-10-09,07:29:04,VR2W-122340,A69-1601-26451,,,,,Genk SA
2014-10-09,07:31:46,VR2W-122340,A69-1601-26451,,,,,Genk SA
2014-10-09,07:58:01,VR2W-122340,A69-1601-26451,,,,,Genk SA
2014-10-09,07:59:32,VR2W-122340,A69-1601-26451,,,,,Genk SA
2014-10-09,08:01:12,VR2W-122340,A69-1601-26451,,,,,Genk SA
2014-10-09,08:03:07,VR2W-122340,A69-1601-26451,,,,,Genk SA
2014-10-09,08:05:34,VR2W-122340,A69-1601-26451,,,,,Genk SA
2014-10-09,08:07:45,VR2W-122340,A69-1601-26451,,,,,Genk SA
2014-10-09,08:09:23,VR2W-122340,A69-1601-26451,,,,,Genk SA
2014-10-09,08:11:17,VR2W-122340,A69-1601-26451,,,,,Genk SA
2014-10-09,08:13:40,VR2W-122340,A69-1601-26451,,,,,Genk SA
2014-10-09,08:15:42,VR2W-122340,A69-1601-26451,,,,,Genk SA
2014-10-09,08:18:24,VR2W-122340,A69-1601-26451,,,,,Genk SA
2014-10-09,08:21:04,VR2W-122340,A69-1601-26451,,,,,Genk SA
2014-10-09,08:28:26,VR2W-122340,A69-1601-26451,,,,,Genk SA
2014-10-09,08:32:25,VR2W-122340,A69-1601-26451,,,,,Genk SA
2014-10-09,08:34:04,VR2W-122340,A69-1601-26451,,,,,Genk SA
2014-10-09,08:36:00,VR2W-122340,A69-1601-26451,,,,,Genk SA
2014-10-09,08:38:28,VR2W-122340,A69-1601-26451,,,,,Genk SA
2014-10-09,08:49:05,VR2W-122340,A69-1601-26451,,,,,Genk SA
2014-10-09,08:50:57,VR2W-122340,A69-1601-26451,,,,,Genk SA
2014-10-09,08:53:18,VR2W-122340,A69-1601-26451,,,,,Genk SA
2014-10-09,08:55:15,VR2W-122340,A69-1601-26451,,,,,Genk SA
2014-10-09,08:57:48,VR2W-122340,A69-1601-26451,,,,,Genk SA
2014-10-09,09:00:08,VR2W-122340,A69-1601-26451,,,,,Genk SA
2014-10-09,09:09:03,VR2W-122340,A69-1601-26451,,,,,Genk SA
2014-10-09,09:14:17,VR2W-122340,A69-1601-26451,,,,,Genk SA
2014-10-09,09:16:42,VR2W-122340,A69-1601-26451,,,,,Genk SA
2014-10-09,09:20:20,VR2W-122340,A69-1601-26451,,,,,Genk SA
2014-10-09,09:21:58,VR2W-122340,A69-1601-26451,,,,,Genk SA
2014-10-09,09:23:51,VR2W-122340,A69-1601-26451,,,,,Genk SA
2014-10-09,09:26:14,VR2W-122340,A69-1601-26451,,,,,Genk SA
2014-10-09,09:28:16,VR2W-122340,A69-1601-26451,,,,,Genk SA
2014-10-09,09:30:57,VR2W-122340,A69-1601-26451,,,,,Genk SA
2014-10-09,09:33:34,VR2W-122340,A69-1601-26451,,,,,Genk SA
2014-10-09,09:36:06,VR2W-122340,A69-1601-26451,,,,,Genk SA
2014-10-09,09:38:25,VR2W-122340,A69-1601-26451,,,,,Genk SA
2014-10-09,09:40:20,VR2W-122340,A69-1601-26451,,,,,Genk SA
2014-10-09,09:42:47,VR2W-122340,A69-1601-26451,,,,,Genk SA
2014-10-09,09:46:34,VR2W-122340,A69-1601-26451,,,,,Genk SA
2014-10-09,09:56:44,VR2W-122340,A69-1601-26451,,,,,Genk SA
2014-10-09,09:59:07,VR2W-122340,A69-1601-26451,,,,,Genk SA
2014-10-09,10:01:10,VR2W-122340,A69-1601-26451,,,,,Genk SA
2014-10-09,10:03:52,VR2W-122340,A69-1601-26451,,,,,Genk SA
2014-10-09,10:09:11,VR2W-122340,A69-1601-26451,,,,,Genk SA
2014-10-09,10:11:43,VR2W-122340,A69-1601-26451,,,,,Genk SA
2014-10-09,10:14:05,VR2W-122340,A69-1601-26451,,,,,Genk SA
2014-10-09,10:16:04,VR2W-122340,A69-1601-26451,,,,,Genk SA
2014-10-09,10:23:14,VR2W-122340,A69-1601-26451,,,,,Genk SA
2014-10-09,10:24:49,VR2W-122340,A69-1601-26451,,,,,Genk SA
2014-10-09,10:26:35,VR2W-122340,A69-1601-26451,,,,,Genk SA
2014-10-09,10:28:43,VR2W-122340,A69-1601-26451,,,,,Genk SA
2014-10-09,10:30:15,VR2W-122340,A69-1601-26451,,,,,Genk SA
2014-10-09,10:31:57,VR2W-122340,A69-1601-26451,,,,,Genk SA
2014-10-09,10:33:56,VR2W-122340,A69-1601-26451,,,,,Genk SA
2014-10-09,10:36:32,VR2W-122340,A69-1601-26451,,,,,Genk SA
2014-10-09,10:38:59,VR2W-122340,A69-1601-26451,,,,,Genk SA
2014-10-09,10:41:11,VR2W-122340,A69-1601-26451,,,,,Genk SA
2014-10-09,10:42:50,VR2W-122340,A69-1601-26451,,,,,Genk SA
2014-10-09,10:44:46,VR2W-122340,A69-1601-26451,,,,,Genk SA
2014-10-09,10:47:15,VR2W-122340,A69-1601-26451,,,,,Genk SA
2014-10-09,10:49:28,VR2W-122340,A69-1601-26451,,,,,Genk SA
2014-10-09,10:51:10,VR2W-122340,A69-1601-26451,,,,,Genk SA
2014-10-09,10:53:12,VR2W-122340,A69-1601-26451,,,,,Genk SA
2014-10-09,10:55:51,VR2W-122340,A69-1601-26451,,,,,Genk SA
2014-10-09,10:58:27,VR2W-122340,A69-1601-26451,,,,,Genk SA
2014-10-09,11:00:54,VR2W-122340,A69-1601-26451,,,,,Genk SA
2014-10-09,11:03:05,VR2W-122340,A69-1601-26451,,,,,Genk SA
2014-10-09,11:04:44,VR2W-122340,A69-1601-26451,,,,,Genk SA
2014-10-09,11:06:38,VR2W-122340,A69-1601-26451,,,,,Genk SA
2014-10-09,11:09:01,VR2W-122340,A69-1601-26451,,,,,Genk SA
2014-10-09,11:11:05,VR2W-122340,A69-1601-26451,,,,,Genk SA
2014-10-09,11:12:30,VR2W-122340,A69-1601-26451,,,,,Genk SA
2014-10-09,11:13:55,VR2W-122340,A69-1601-26451,,,,,Genk SA
2014-10-09,11:15:22,VR2W-122340,A69-1601-26451,,,,,Genk SA
2014-10-09,11:16:52,VR2W-122340,A69-1601-26451,,,,,Genk SA
2014-10-09,11:18:29,VR2W-122340,A69-1601-26451,,,,,Genk SA
2014-10-09,11:20:19,VR2W-122340,A69-1601-26451,,,,,Genk SA
2014-10-09,11:22:36,VR2W-122340,A69-1601-26451,,,,,Genk SA
2014-10-09,11:24:25,VR2W-122340,A69-1601-26451,,,,,Genk SA
2014-10-09,11:26:41,VR2W-122340,A69-1601-26451,,,,,Genk SA
2014-10-09,11:28:29,VR2W-122340,A69-1601-26451,,,,,Genk SA
2014-10-09,11:37:02,VR2W-122340,A69-1601-26451,,,,,Genk SA
2014-10-09,11:39:34,VR2W-122340,A69-1601-26451,,,,,Genk SA
2014-10-09,11:41:53,VR2W-122340,A69-1601-26451,,,,,Genk SA
2014-10-09,11:51:45,VR2W-122340,A69-1601-26451,,,,,Genk SA
2014-10-09,11:53:55,VR2W-122340,A69-1601-26451,,,,,Genk SA
2014-10-09,11:55:31,VR2W-122340,A69-1601-26451,,,,,Genk SA
2014-10-09,12:01:11,VR2W-122340,A69-1601-26451,,,,,Genk SA
2014-10-09,12:03:09,VR2W-122340,A69-1601-26451,,,,,Genk SA
2014-10-09,12:05:40,VR2W-122340,A69-1601-26451,,,,,Genk SA
2014-10-09,12:09:56,VR2W-122340,A69-1601-26451,,,,,Genk SA
2014-10-09,12:23:26,VR2W-122340,A69-1601-26451,,,,,Genk SA
2014-10-09,12:34:26,VR2W-122340,A69-1601-26451,,,,,Genk SA
2014-10-09,12:36:45,VR2W-122340,A69-1601-26451,,,,,Genk SA
2014-10-09,12:38:40,VR2W-122340,A69-1601-26451,,,,,Genk SA
2014-10-09,12:43:15,VR2W-122340,A69-1601-26451,,,,,Genk SA
2014-10-09,12:46:33,VR2W-122340,A69-1601-26451,,,,,Genk SA
2014-10-09,12:50:05,VR2W-122340,A69-1601-26451,,,,,Genk SA
2014-10-09,12:55:20,VR2W-122340,A69-1601-26471,,,,,Genk SA
2014-10-09,12:59:33,VR2W-122340,A69-1601-26471,,,,,Genk SA
2014-10-09,13:02:40,VR2W-122340,A69-1601-26451,,,,,Genk SA
2014-10-09,13:06:12,VR2W-122340,A69-1601-26451,,,,,Genk SA
2014-10-09,13:10:41,VR2W-122340,A69-1601-26451,,,,,Genk SA
2014-10-09,13:12:54,VR2W-122340,A69-1601-26471,,,,,Genk SA
2014-10-09,13:26:37,VR2W-122340,A69-1601-26471,,,,,Genk SA
2014-10-09,13:27:07,VR2W-122340,A69-1601-26451,,,,,Genk SA
2014-10-09,13:34:54,VR2W-122340,A69-1601-26451,,,,,Genk SA
2014-10-09,13:37:10,VR2W-122340,A69-1601-26451,,,,,Genk SA
2014-10-09,14:00:20,VR2W-122340,A69-1601-26451,,,,,Genk SA
2014-10-09,14:13:42,VR2W-122340,A69-1601-26451,,,,,Genk SA
2014-10-09,14:31:35,VR2W-122340,A69-1601-26451,,,,,Genk SA
2014-10-09,14:51:24,VR2W-122340,A69-1601-26451,,,,,Genk SA
2014-10-09,14:52:30,VR2W-122340,A69-1601-26471,,,,,Genk SA
2014-10-09,14:53:24,VR2W-122340,A69-1601-26451,,,,,Genk SA
2014-10-09,14:58:31,VR2W-122340,A69-1601-26451,,,,,Genk SA
2014-10-09,15:00:47,VR2W-122340,A69-1601-26451,,,,,Genk SA
2014-10-09,15:02:36,VR2W-122340,A69-1601-26451,,,,,Genk SA
2014-10-09,15:04:51,VR2W-122340,A69-1601-26451,,,,,Genk SA
2014-10-09,15:06:36,VR2W-122340,A69-1601-26451,,,,,Genk SA
2014-10-09,15:08:44,VR2W-122340,A69-1601-26451,,,,,Genk SA
2014-10-09,15:10:16,VR2W-122340,A69-1601-26451,,,,,Genk SA
2014-10-09,15:23:23,VR2W-122340,A69-1601-26451,,,,,Genk SA
2014-10-09,15:27:57,VR2W-122340,A69-1601-26451,,,,,Genk SA
2014-10-09,15:40:50,VR2W-122340,A69-1601-26451,,,,,Genk SA
2014-10-09,15:42:54,VR2W-122340,A69-1601-26451,,,,,Genk SA
2014-10-09,15:43:45,VR2W-122340,A69-1601-26471,,,,,Genk SA
2014-10-09,15:44:17,VR2W-122340,A69-1601-26451,,,,,Genk SA
2014-10-09,15:50:00,VR2W-122340,A69-1601-26451,,,,,Genk SA
2014-10-09,16:00:18,VR2W-122340,A69-1601-26451,,,,,Genk SA
2014-10-09,16:31:04,VR2W-122340,A69-1601-26451,,,,,Genk SA
2014-10-09,16:53:12,VR2W-122340,A69-1601-26451,,,,,Genk SA
2014-10-09,17:15:38,VR2W-122340,A69-1601-26451,,,,,Genk SA
2014-10-09,17:24:14,VR2W-122340,A69-1601-26471,,,,,Genk SA
2014-10-09,17:26:15,VR2W-122340,A69-1601-26471,,,,,Genk SA
2014-10-09,17:28:54,VR2W-122340,A69-1601-26471,,,,,Genk SA
2014-10-09,17:33:52,VR2W-122340,A69-1601-26471,,,,,Genk SA
2014-10-09,17:38:51,VR2W-122340,A69-1601-26471,,,,,Genk SA
2014-10-09,17:40:24,VR2W-122340,A69-1601-26471,,,,,Genk SA
2014-10-09,17:46:21,VR2W-122340,A69-1601-26451,,,,,Genk SA
2014-10-09,17:46:45,VR2W-122340,A69-1601-26471,,,,,Genk SA
2014-10-09,17:49:19,VR2W-122340,A69-1601-26471,,,,,Genk SA
2014-10-09,17:51:42,VR2W-122340,A69-1601-26471,,,,,Genk SA
2014-10-09,17:53:46,VR2W-122340,A69-1601-26471,,,,,Genk SA
2014-10-09,17:56:28,VR2W-122340,A69-1601-26471,,,,,Genk SA
2014-10-09,17:59:10,VR2W-122340,A69-1601-26471,,,,,Genk SA
2014-10-09,18:01:51,VR2W-122340,A69-1601-26471,,,,,Genk SA
2014-10-09,18:04:29,VR2W-122340,A69-1601-26471,,,,,Genk SA
2014-10-09,18:06:03,VR2W-122340,A69-1601-26451,,,,,Genk SA
2014-10-09,18:07:01,VR2W-122340,A69-1601-26471,,,,,Genk SA
2014-10-09,18:13:54,VR2W-122340,A69-1601-26471,,,,,Genk SA
2014-10-09,18:16:17,VR2W-122340,A69-1601-26471,,,,,Genk SA
2014-10-09,18:18:21,VR2W-122340,A69-1601-26471,,,,,Genk SA
2014-10-09,18:21:03,VR2W-122340,A69-1601-26471,,,,,Genk SA
2014-10-09,18:26:23,VR2W-122340,A69-1601-26471,,,,,Genk SA
2014-10-09,18:28:58,VR2W-122340,A69-1601-26471,,,,,Genk SA
2014-10-09,18:31:24,VR2W-122340,A69-1601-26471,,,,,Genk SA
2014-10-09,18:48:01,VR2W-122340,A69-1601-26448,,,,,Genk SA
2014-10-09,18:49:18,VR2W-122340,A69-1601-26471,,,,,Genk SA
2014-10-09,18:50:30,VR2W-122340,A69-1601-26448,,,,,Genk SA
2014-10-09,18:51:27,VR2W-122340,A69-1601-26471,,,,,Genk SA
2014-10-09,18:52:44,VR2W-122340,A69-1601-26448,,,,,Genk SA
2014-10-09,18:53:01,VR2W-122340,A69-1601-26471,,,,,Genk SA
2014-10-09,18:54:29,VR2W-122340,A69-1601-26448,,,,,Genk SA
2014-10-09,18:54:46,VR2W-122340,A69-1601-26471,,,,,Genk SA
2014-10-09,18:56:35,VR2W-122340,A69-1601-26448,,,,,Genk SA
2014-10-09,18:56:52,VR2W-122340,A69-1601-26471,,,,,Genk SA
2014-10-09,18:58:04,VR2W-122340,A69-1601-26448,,,,,Genk SA
2014-10-09,18:58:20,VR2W-122340,A69-1601-26471,,,,,Genk SA
2014-10-09,18:59:40,VR2W-122340,A69-1601-26448,,,,,Genk SA
2014-10-09,18:59:54,VR2W-122340,A69-1601-26471,,,,,Genk SA
2014-10-09,19:01:27,VR2W-122340,A69-1601-26448,,,,,Genk SA
2014-10-09,19:01:37,VR2W-122340,A69-1601-26471,,,,,Genk SA
2014-10-09,19:05:14,VR2W-122340,A69-1601-26448,,,,,Genk SA
2014-10-09,19:06:18,VR2W-122340,A69-1601-26471,,,,,Genk SA
2014-10-09,19:07:04,VR2W-122340,A69-1601-26448,,,,,Genk SA
2014-10-09,19:08:55,VR2W-122340,A69-1601-26471,,,,,Genk SA
2014-10-09,19:09:22,VR2W-122340,A69-1601-26448,,,,,Genk SA
2014-10-09,19:13:34,VR2W-122340,A69-1601-26448,,,,,Genk SA
2014-10-09,19:15:24,VR2W-122340,A69-1601-26471,,,,,Genk SA
2014-10-09,19:17:33,VR2W-122340,A69-1601-26471,,,,,Genk SA
2014-10-09,19:18:00,VR2W-122340,A69-1601-26448,,,,,Genk SA
2014-10-09,19:19:05,VR2W-122340,A69-1601-26471,,,,,Genk SA
2014-10-09,19:20:15,VR2W-122340,A69-1601-26448,,,,,Genk SA
2014-10-09,19:20:47,VR2W-122340,A69-1601-26471,,,,,Genk SA
2014-10-09,19:22:03,VR2W-122340,A69-1601-26448,,,,,Genk SA
2014-10-09,19:25:20,VR2W-122340,A69-1601-26471,,,,,Genk SA
2014-10-09,19:25:58,VR2W-122340,A69-1601-26448,,,,,Genk SA
2014-10-09,19:27:46,VR2W-122340,A69-1601-26471,,,,,Genk SA
2014-10-09,19:27:59,VR2W-122340,A69-1601-26448,,,,,Genk SA
2014-10-09,19:29:54,VR2W-122340,A69-1601-26471,,,,,Genk SA
2014-10-09,19:30:36,VR2W-122340,A69-1601-26448,,,,,Genk SA
2014-10-09,19:31:26,VR2W-122340,A69-1601-26471,,,,,Genk SA
2014-10-09,19:35:02,VR2W-122340,A69-1601-26471,,,,,Genk SA
2014-10-09,19:35:27,VR2W-122340,A69-1601-26448,,,,,Genk SA
2014-10-09,19:41:34,VR2W-122340,A69-1601-26471,,,,,Genk SA
2014-10-09,19:43:37,VR2W-122340,A69-1601-26448,,,,,Genk SA
2014-10-09,19:43:44,VR2W-122340,A69-1601-26471,,,,,Genk SA
2014-10-09,19:45:21,VR2W-122340,A69-1601-26471,,,,,Genk SA
2014-10-09,19:51:18,VR2W-122340,A69-1601-26471,,,,,Genk SA
2014-10-09,19:55:20,VR2W-122340,A69-1601-26471,,,,,Genk SA
2014-10-09,19:57:31,VR2W-122340,A69-1601-26471,,,,,Genk SA
2014-10-09,19:59:09,VR2W-122340,A69-1601-26471,,,,,Genk SA
2014-10-09,20:01:01,VR2W-122340,A69-1601-26471,,,,,Genk SA
2014-10-09,20:05:20,VR2W-122340,A69-1601-26471,,,,,Genk SA
2014-10-09,20:07:53,VR2W-122340,A69-1601-26471,,,,,Genk SA
2014-10-09,20:10:14,VR2W-122340,A69-1601-26471,,,,,Genk SA
2014-10-09,20:12:14,VR2W-122340,A69-1601-26471,,,,,Genk SA
2014-10-09,20:14:49,VR2W-122340,A69-1601-26471,,,,,Genk SA
2014-10-09,20:17:16,VR2W-122340,A69-1601-26471,,,,,Genk SA
2014-10-09,20:19:26,VR2W-122340,A69-1601-26471,,,,,Genk SA
2014-10-09,20:25:11,VR2W-122340,A69-1601-26471,,,,,Genk SA
2014-10-09,20:27:01,VR2W-122340,A69-1601-26471,,,,,Genk SA
2014-10-09,20:29:19,VR2W-122340,A69-1601-26471,,,,,Genk SA
2014-10-09,20:35:26,VR2W-122340,A69-1601-26471,,,,,Genk SA
2014-10-09,20:37:53,VR2W-122340,A69-1601-26471,,,,,Genk SA
2014-10-09,20:40:05,VR2W-122340,A69-1601-26471,,,,,Genk SA
2014-10-09,20:41:45,VR2W-122340,A69-1601-26471,,,,,Genk SA
2014-10-09,20:43:41,VR2W-122340,A69-1601-26471,,,,,Genk SA
2014-10-09,20:46:09,VR2W-122340,A69-1601-26471,,,,,Genk SA
2014-10-09,20:54:39,VR2W-122340,A69-1601-26471,,,,,Genk SA
2014-10-09,20:57:07,VR2W-122340,A69-1601-26471,,,,,Genk SA
2014-10-09,20:59:20,VR2W-122340,A69-1601-26471,,,,,Genk SA
2014-10-09,21:01:02,VR2W-122340,A69-1601-26471,,,,,Genk SA
2014-10-09,21:03:02,VR2W-122340,A69-1601-26471,,,,,Genk SA
2014-10-09,21:12:07,VR2W-122340,A69-1601-26471,,,,,Genk SA
2014-10-09,21:14:15,VR2W-122340,A69-1601-26471,,,,,Genk SA
2014-10-09,21:15:47,VR2W-122340,A69-1601-26471,,,,,Genk SA
2014-10-09,21:17:26,VR2W-122340,A69-1601-26471,,,,,Genk SA
2014-10-09,21:21:51,VR2W-122340,A69-1601-26471,,,,,Genk SA
2014-10-09,21:25:45,VR2W-122340,A69-1601-26471,,,,,Genk SA
2014-10-09,21:27:45,VR2W-122340,A69-1601-26471,,,,,Genk SA
2014-10-09,21:30:22,VR2W-122340,A69-1601-26471,,,,,Genk SA
2014-10-09,21:32:51,VR2W-122340,A69-1601-26471,,,,,Genk SA
2014-10-09,21:35:07,VR2W-122340,A69-1601-26471,,,,,Genk SA
2014-10-09,21:36:54,VR2W-122340,A69-1601-26471,,,,,Genk SA
2014-10-09,21:44:53,VR2W-122340,A69-1601-26471,,,,,Genk SA
2014-10-09,21:46:48,VR2W-122340,A69-1601-26471,,,,,Genk SA
2014-10-09,21:49:14,VR2W-122340,A69-1601-26471,,,,,Genk SA
2014-10-09,21:51:23,VR2W-122340,A69-1601-26471,,,,,Genk SA
2014-10-09,21:52:57,VR2W-122340,A69-1601-26471,,,,,Genk SA
2014-10-09,21:54:42,VR2W-122340,A69-1601-26471,,,,,Genk SA
2014-10-09,21:56:48,VR2W-122340,A69-1601-26471,,,,,Genk SA
2014-10-09,21:59:47,VR2W-122340,A69-1601-26471,,,,,Genk SA
2014-10-09,22:01:27,VR2W-122340,A69-1601-26471,,,,,Genk SA
2014-10-09,22:05:51,VR2W-122340,A69-1601-26471,,,,,Genk SA
2014-10-09,22:08:04,VR2W-122340,A69-1601-26471,,,,,Genk SA
2014-10-09,22:09:46,VR2W-122340,A69-1601-26471,,,,,Genk SA
2014-10-09,22:11:47,VR2W-122340,A69-1601-26471,,,,,Genk SA
2014-10-09,22:19:17,VR2W-122340,A69-1601-26471,,,,,Genk SA
2014-10-09,22:23:47,VR2W-122340,A69-1601-26471,,,,,Genk SA
2014-10-09,22:28:04,VR2W-122340,A69-1601-26471,,,,,Genk SA
2014-10-09,22:40:48,VR2W-122340,A69-1601-26471,,,,,Genk SA
2014-10-09,22:48:28,VR2W-122340,A69-1601-26471,,,,,Genk SA
2014-10-09,22:50:46,VR2W-122340,A69-1601-26471,,,,,Genk SA
2014-10-09,22:52:38,VR2W-122340,A69-1601-26471,,,,,Genk SA
2014-10-09,22:54:59,VR2W-122340,A69-1601-26471,,,,,Genk SA
2014-10-09,22:56:57,VR2W-122340,A69-1601-26471,,,,,Genk SA
2014-10-09,22:59:29,VR2W-122340,A69-1601-26471,,,,,Genk SA
2014-10-09,23:01:49,VR2W-122340,A69-1601-26471,,,,,Genk SA
2014-10-09,23:14:06,VR2W-122340,A69-1601-26471,,,,,Genk SA
2014-10-09,23:15:59,VR2W-122340,A69-1601-26471,,,,,Genk SA
2014-10-09,23:22:54,VR2W-122340,A69-1601-26471,,,,,Genk SA
2014-10-10,01:21:34,VR2W-122340,A69-1601-26471,,,,,Genk SA
2014-10-10,01:23:22,VR2W-122340,A69-1601-26471,,,,,Genk SA
2014-10-10,01:52:06,VR2W-122340,A69-1601-26471,,,,,Genk SA
2014-10-10,01:54:10,VR2W-122340,A69-1601-26471,,,,,Genk SA
2014-10-10,02:06:03,VR2W-122340,A69-1601-26471,,,,,Genk SA
2014-10-10,02:11:53,VR2W-122340,A69-1601-26471,,,,,Genk SA
2014-10-10,02:14:25,VR2W-122340,A69-1601-26471,,,,,Genk SA
2014-10-10,02:16:45,VR2W-122340,A69-1601-26471,,,,,Genk SA
2014-10-10,02:21:09,VR2W-122340,A69-1601-26471,,,,,Genk SA
2014-10-10,02:23:22,VR2W-122340,A69-1601-26471,,,,,Genk SA
2014-10-10,02:25:05,VR2W-122340,A69-1601-26471,,,,,Genk SA
2014-10-10,02:27:07,VR2W-122340,A69-1601-26471,,,,,Genk SA
2014-10-10,02:29:48,VR2W-122340,A69-1601-26471,,,,,Genk SA
2014-10-10,02:34:58,VR2W-122340,A69-1601-26471,,,,,Genk SA
2014-10-10,02:37:18,VR2W-122340,A69-1601-26471,,,,,Genk SA
2014-10-10,02:44:05,VR2W-122340,A69-1601-26471,,,,,Genk SA
2014-10-10,02:45:57,VR2W-122340,A69-1601-26471,,,,,Genk SA
2014-10-10,02:50:18,VR2W-122340,A69-1601-26471,,,,,Genk SA
2014-10-10,02:52:53,VR2W-122340,A69-1601-26471,,,,,Genk SA
2014-10-10,02:55:19,VR2W-122340,A69-1601-26471,,,,,Genk SA
2014-10-10,02:57:29,VR2W-122340,A69-1601-26471,,,,,Genk SA
2014-10-10,02:59:05,VR2W-122340,A69-1601-26471,,,,,Genk SA
2014-10-10,03:00:54,VR2W-122340,A69-1601-26471,,,,,Genk SA
2014-10-10,03:03:07,VR2W-122340,A69-1601-26471,,,,,Genk SA
2014-10-10,03:04:50,VR2W-122340,A69-1601-26471,,,,,Genk SA
2014-10-10,03:06:52,VR2W-122340,A69-1601-26471,,,,,Genk SA
2014-10-10,03:09:33,VR2W-122340,A69-1601-26471,,,,,Genk SA
2014-10-10,03:12:11,VR2W-122340,A69-1601-26471,,,,,Genk SA
2014-10-10,03:14:44,VR2W-122340,A69-1601-26471,,,,,Genk SA
2014-10-10,03:41:33,VR2W-122340,A69-1601-26471,,,,,Genk SA
2014-10-10,03:45:48,VR2W-122340,A69-1601-26471,,,,,Genk SA
2014-10-10,03:52:55,VR2W-122340,A69-1601-26471,,,,,Genk SA
2014-10-10,03:55:12,VR2W-122340,A69-1601-26471,,,,,Genk SA
2014-10-10,03:57:02,VR2W-122340,A69-1601-26471,,,,,Genk SA
2014-10-10,04:01:06,VR2W-122340,A69-1601-26471,,,,,Genk SA
2014-10-10,04:03:20,VR2W-122340,A69-1601-26471,,,,,Genk SA
2014-10-10,04:05:03,VR2W-122340,A69-1601-26471,,,,,Genk SA
2014-10-10,04:07:06,VR2W-122340,A69-1601-26471,,,,,Genk SA
2014-10-10,04:09:50,VR2W-122340,A69-1601-26471,,,,,Genk SA
2014-10-10,04:12:33,VR2W-122340,A69-1601-26471,,,,,Genk SA
2014-10-10,04:15:16,VR2W-122340,A69-1601-26471,,,,,Genk SA
2014-10-10,04:20:36,VR2W-122340,A69-1601-26471,,,,,Genk SA
2014-10-10,04:25:39,VR2W-122340,A69-1601-26471,,,,,Genk SA
2014-10-10,04:27:49,VR2W-122340,A69-1601-26471,,,,,Genk SA
2014-10-10,04:29:25,VR2W-122340,A69-1601-26471,,,,,Genk SA
2014-10-10,04:31:14,VR2W-122340,A69-1601-26471,,,,,Genk SA
2014-10-10,04:33:28,VR2W-122340,A69-1601-26471,,,,,Genk SA
2014-10-10,04:35:13,VR2W-122340,A69-1601-26471,,,,,Genk SA
2014-10-10,04:37:19,VR2W-122340,A69-1601-26471,,,,,Genk SA
2014-10-10,04:38:47,VR2W-122340,A69-1601-26471,,,,,Genk SA
2014-10-10,04:40:21,VR2W-122340,A69-1601-26471,,,,,Genk SA
2014-10-10,04:42:04,VR2W-122340,A69-1601-26471,,,,,Genk SA
2014-10-10,04:49:35,VR2W-122340,A69-1601-26471,,,,,Genk SA
2014-10-10,04:55:00,VR2W-122340,A69-1601-26471,,,,,Genk SA
