"","bh-31","bh-32","bh-33","bh-35","bh-36","ws-PPC","ws-PPB","bh-34","bh-37","ws-23","ws-A5","ws-A3","ws-A1","ws-15A","ws-15","bh-7","bh-9","bh-11","bh-12","bh-13","bh-6","bh-5","bh-1","bh-10","bh-8","bh-20","bh-17","bh-21","bh-22","bh-18","ws-25","ws-K","ws-25B","ws-18","bh-23","bh-30","bh-29","bh-28","bh-27","bh-25","bh-24","bh-2","ws-4","ws-PVTSS","ws-13","ws-6","ws-12A","ws-11","ws-16","ws-25A","ws-14","ws-2C","bh-16","bh-26","bpns-O6","bh-14","bh-15","rel_leopoldkanaal8","rel_leopoldkanaal9","rel_leopoldkanaal1","rel_leopoldkanaal7","rel_leopoldkanaal6","rel_leopoldkanaal3","rel_leopoldkanaal5","rel_leopoldkanaal2","rel_leopoldkanaal4"
"bh-31",0,2797.00425552944,3704.08761977982,6142.51845118619,7449.56726478442,9929.43857023319,10812.2181178021,5293.99606873462,7873.83653081307,9880.94398411292,10695.1123038122,11826.4539476063,12857.7941355598,13923.4722366608,14913.3961749805,13659.1667611804,12393.5422720194,9586.59274285523,6662.50510048951,6221.10725190207,15166.2023368534,15307.6200423276,45097.1271610618,12152.1311855074,14383.400020717,3072.75325518904,4738.35126850094,2589.94723177091,3072.76132999189,4579.79690566499,9456.69086769012,10256.6298411888,11380.8366248758,12297.9217863798,3055.61659782724,11273.7568325484,10608.0764800077,9042.43954852179,7435.33791858457,5604.01030831406,4138.39905707758,43790.0298986459,15906.3323969004,16572.0046746381,17213.4296593162,15164.9059563822,10856.7112494599,17754.8531881531,11022.2874251614,9898.08064147463,10522.3689687911,18023.5319261282,5279.74249812611,8642.36912673559,71122.3340064155,5928.27004369984,6069.68774917411,5521.1535846381,6221.10725190207,2389.9443200896,4721.21461113918,3072.76132999189,12352.1179475828,11273.7568325484,14824.7978693037,8645.22798907927
"bh-32",2797.00425552944,0,907.08336425037,3345.51419565675,4652.56300925498,7132.43431470375,8015.21386227266,2496.99181320518,5076.83227528363,7083.93972858347,7898.10804828278,9029.44969207683,10060.7898800303,11126.4679811313,12116.3919194511,16456.1710167098,15190.5465275488,12383.5969983847,9459.50935601896,9018.11150743151,17963.2065923828,18104.6242978571,47894.1314165913,14949.1354410368,17180.4042762465,5869.75751071848,7535.35552403038,5386.95148730036,5869.76558552133,7376.80116119443,6659.68661216067,7459.6255856594,8583.83236934632,9500.91753085038,5852.62085335669,14070.7610880778,13405.0807355372,11839.4438040512,10232.342174114,8401.01456384351,6935.40331260703,46587.0341541753,13109.328141371,13775.0004191086,14416.4254037868,12367.9017008528,8059.70699393049,14957.8489326237,8225.28316963192,7101.07638594519,7725.36471326167,15226.5276705988,8076.74675365555,11439.373382265,73919.3382619449,8725.27429922929,8866.69200470355,8318.15784016755,9018.11150743151,5186.94857561905,7518.21886666862,5869.76558552133,15149.1222031123,14070.7610880778,17621.8021248331,11442.2322446087
"bh-33",3704.08761977982,907.08336425037,0,2438.43083140638,3745.47964500461,6225.35095045338,7108.13049802229,1589.90844895481,4169.74891103326,6176.8563643331,6991.02468403241,8122.36632782646,9153.70651577993,10219.3846168809,11209.3085552007,17363.2543809602,16097.6298917992,13290.6803626351,10366.5927202693,9925.19487168189,18870.2899566332,19011.7076621074,48801.2147808417,15856.2188052872,18087.4876404968,6776.84087496885,8442.43888828075,6294.03485155073,6776.8489497717,8283.8845254448,5752.60324791031,6552.54222140903,7676.74900509595,8593.83416660001,6759.70421760705,14977.8444523282,14312.1640997875,12746.5271683016,11139.4255383644,9308.09792809388,7842.48667685739,47494.1175184257,12202.2447771206,12867.9170548582,13509.3420395364,11460.8183366024,7152.62362968013,14050.7655683733,7318.19980538155,6193.99302169482,6818.2813490113,14319.4443063484,8983.83011790593,12346.4567465154,74353.3105575182,9632.35766347966,9773.77536895393,9225.24120441792,9925.19487168189,6094.03193986942,8425.30223091899,6776.8489497717,16056.2055673626,14977.8444523282,18528.8854890835,12349.3156088591
"bh-35",6142.51845118619,3345.51419565675,2438.43083140638,0,1307.04881359823,3786.920119047,4669.69966661592,2155.56312124606,1731.31807962688,3738.42553292673,4552.59385262604,5683.93549642008,6715.27568437355,7780.95378547455,8770.87772379433,19801.6852123666,18536.0607232055,15729.1111940414,12805.0235516757,12363.6257030883,21308.7207880396,21450.1384935138,46718.1593694893,18294.6496366936,20525.9184719032,9215.27170637523,10880.8697196871,8732.4656829571,9215.27978117808,10722.3153568512,3314.17241650393,4114.11139000266,5238.31817368957,6155.40333519364,9198.13504901343,17416.2752837346,16750.5949311939,15184.957999708,13577.8563697708,11746.5287595003,10280.9175082638,47942.424132638,9763.81394571421,10429.4862234518,11070.91120813,9022.38750519602,4714.19279827375,11612.3347369669,4879.76897397517,3755.56219028844,4379.85051760492,11881.0134749421,11422.2609493123,14784.8875779218,71914.8797261119,12070.788494886,12212.2062003603,11663.6720358243,12363.6257030883,8532.46277127579,10863.7330623254,9215.27978117808,18494.636398769,17416.2752837346,20967.3163204898,14787.7464402655
"bh-36",7449.56726478442,4652.56300925498,3745.47964500461,1307.04881359823,0,2597.025568257,3479.80511582592,3462.61193484429,541.423528836885,2548.53098213673,3362.69930183604,4494.04094563008,5525.38113358356,6591.05923468455,7580.98317300433,21108.7340259648,19843.1095368038,17036.1600076397,14112.0723652739,13670.6745166865,22615.7696016378,22757.187307112,45528.2648186993,19601.6984502918,21832.9672855014,10522.3205199735,12187.9185332854,10039.5144965553,10522.3285947763,12029.3641704494,2124.27786571393,2924.21683921266,4048.42362289957,4965.50878440364,10505.1838626117,18723.3240973328,18057.6437447921,16492.0068133062,14884.905183369,13053.5775730985,11587.966321862,46752.529581848,8573.91939492421,9239.59167266185,9881.01665734004,7832.49295440602,3524.29824748375,10422.4401861769,3689.87442318517,2565.66763949844,3189.95596681492,10691.118924152,12729.3097629105,16091.93639152,70724.9851753219,13377.8373084843,13519.2550139585,12970.7208494225,13670.6745166865,9839.51158487403,12170.7818759236,10522.3285947763,19801.6852123672,18723.3240973328,22274.3651340881,16094.7952538637
"ws-PPC",9929.43857023319,7132.43431470375,6225.35095045338,3786.920119047,2597.025568257,0,999.933810377144,5942.48324029306,2055.60203942012,682.80893509932,765.673733579032,1897.01537737308,2928.35556532655,3994.03366642755,4983.95760474733,23588.6053314136,22322.9808422525,19516.0313130884,16591.9436707227,16150.5458221353,25095.6409070865,25237.0586125608,43048.3935132505,22081.5697557405,24312.8385909502,13002.1918254222,14667.7898387342,12519.3858020041,13002.1999002251,14509.2354758982,1541.32504000231,2482.68979377824,3689.7452263382,4606.83038784226,12985.0551680604,21203.1954027815,20537.5150502409,18971.878118755,17364.7764888178,15533.4488785473,14067.8376273108,44272.6582763992,5976.89382666721,6642.56610440484,7283.99108908304,5235.46738614902,1672.76517263159,7825.41461791993,3082.6500800046,2041.29194519095,2231.26883520966,8094.09335589505,15209.1810683593,18571.8076969688,68245.1138698732,15857.7086139331,15999.1263194073,15450.5921548713,16150.5458221353,12319.3828903228,14650.6531813724,13002.1999002251,22281.556517816,21203.1954027815,24754.2364395368,18574.6665593125
"ws-PPB",10812.2181178021,8015.21386227266,7108.13049802229,4669.69966661592,3479.80511582592,999.933810377144,0,6825.26278786198,2938.38158698903,1682.74274547646,848.506232846173,1482.85288103705,2514.19306899052,3579.87117009152,4569.7951084113,24471.3848789825,23205.7603898214,20398.8108606573,17474.7232182916,17033.3253697042,25978.4204546554,26119.8381601297,42048.4597028733,22964.3493033094,25195.6181385191,13884.9713729912,15550.5693863031,13402.165349573,13884.979447794,15392.0150234671,2541.25885037946,3482.62360415538,4689.67903671534,5606.76419821941,13867.8347156294,22085.9749503504,21420.2945978098,19854.6576663239,18247.5560363867,16416.2284261162,14950.6171748797,43272.724466022,5562.73133033118,6228.40360806881,6869.82859274701,4821.30488981298,2438.39045739224,7411.2521215839,4082.58389038174,3041.22575556809,3231.2026455868,7679.93085955902,16091.9606159282,19454.5872445377,67245.1800594961,16740.488161502,16881.9058669762,16333.3717024402,17033.3253697042,13202.1624378917,15533.4327289413,13884.979447794,23164.3360653849,22085.9749503504,25637.0159871057,19457.4461068814
"bh-34",5293.99606873462,2496.99181320518,1589.90844895481,2155.56312124606,3462.61193484429,5942.48324029306,6825.26278786198,0,3886.88120087295,5893.98865417279,6708.1569738721,7839.49861766614,8870.83880561961,9936.51690672062,10926.4408450404,18953.162829915,17687.538340754,14880.5888115899,11956.5011692241,11515.1033206367,20460.198405588,20601.6161110623,48873.7224907354,17446.127254242,19677.3960894516,8366.74932392366,10032.3473372356,7883.94330050553,8366.75739872651,9873.79297439961,5469.73553774999,6269.67451124872,7393.88129493563,8310.9664564397,8349.61266656186,16567.752901283,15902.0725487423,14336.4356172564,12729.3339873192,10898.0063770487,9432.3951258122,49084.0259673805,11919.3770669603,12585.0493446979,13226.4743293761,11177.9506264421,6869.75591951981,13767.897858213,7035.33209522123,5911.1253115345,6535.41363885098,14036.5765961881,10573.7385668607,13936.3651954702,74070.4428473579,11222.2661124345,11363.6838179087,10815.1496533727,11515.1033206367,7683.94038882423,10015.2106798738,8366.75739872651,17646.1140163174,16567.752901283,20118.7939380383,13939.2240578139
"bh-37",7873.83653081307,5076.83227528363,4169.74891103326,1731.31807962688,541.423528836885,2055.60203942012,2938.38158698903,3886.88120087295,0,2007.10745329984,2821.27577299915,3952.6174167932,4983.95760474667,6049.63570584767,7039.55964416745,21533.0032919934,20267.3788028324,17460.4292736683,14536.3416313026,14094.9437827152,23040.0388676664,23181.4565731407,44986.8412898624,20025.9677163204,22257.2365515301,10946.5897860021,12612.187799314,10463.783762584,10946.597860805,12453.6334364781,1665.68683614427,2465.625809643,3589.83259332991,4506.91775483397,10929.4531286403,19147.5933633614,18481.9130108208,16916.2760793349,15309.1744493977,13477.8468391272,12012.2355878907,46211.1060530111,8032.49586608732,8698.16814382496,9339.59312850316,7291.06942556913,2982.87471864687,9881.01665734004,3231.28339361551,2107.07660992878,2731.36493724526,10149.6953953152,13153.5790289392,16516.2056575487,70183.561646485,13802.1065745129,13943.5242799872,13394.9901154512,14094.9437827152,10263.7808509027,12595.0511419523,10946.597860805,20225.9544783959,19147.5933633614,22698.6344001167,16519.0645198924
"ws-23",9880.94398411292,7083.93972858347,6176.8563643331,3738.42553292673,2548.53098213673,682.80893509932,1682.74274547646,5893.98865417279,2007.10745329984,0,1165.63110812396,2296.97275191794,3386.89007127553,4159.68251535599,5149.60645367577,23540.1107452933,22274.4862561323,19467.5367269682,16543.4490846024,16102.051236015,25047.1463209663,25188.5640264405,43565.5051506036,22033.0751696203,24264.3440048299,12953.697239302,14619.2952526139,12470.8912158838,12953.7053141048,14460.7408897779,1024.21340264915,1965.57815642508,3172.63358898504,4089.7187504891,12936.5605819402,21154.7008166613,20489.0204641206,18923.3835326347,17316.2819026975,15484.954292427,14019.3430411905,44789.7699137523,6025.38841278749,6691.06069052512,7332.48567520332,5283.96197226929,1224.26476314869,7873.9092040402,2399.84114490531,1524.18030783779,1548.45990011034,8142.58794201532,15160.686482239,18523.3131108485,68762.2255072263,15809.2140278128,15950.631733287,15402.097568751,16102.051236015,12270.8883042025,14602.1585952521,12953.7053141048,22233.0619316957,21154.7008166613,24705.7418534165,18526.1719731922
"ws-A5",10695.1123038122,7898.10804828278,6991.02468403241,4552.59385262604,3362.69930183604,765.673733579032,848.506232846173,6708.1569738721,2821.27577299915,1165.63110812396,0,1131.34164379405,2221.2589631516,3228.35993284852,4218.2838711683,24354.2790649926,23088.6545758316,20281.7050466675,17357.6174043018,16916.2195557143,25861.3146406656,26002.7323461398,42399.8740424796,22847.2434893196,25078.5123245292,13767.8655590013,15433.4635723132,13285.0595355832,13767.8736338041,15274.9092094772,2189.84451077312,3131.20926454904,4338.264697109,5255.34985861307,13750.7289016395,21968.8691363606,21303.1887838199,19737.551852334,18130.4502223968,16299.1226121263,14833.5113608898,43624.1388056284,5211.22009308818,5876.89237082581,6518.31735550401,4469.79365256999,1589.8842245461,7059.74088434089,3565.47225302924,2689.81141596175,2382.69641274066,7328.41962231601,15974.8548019384,19337.4814305478,67596.5943991024,16623.3823475121,16764.8000529864,16216.2658884504,16916.2195557143,13085.0566239018,15416.3269149514,13767.8736338041,23047.230251395,21968.8691363606,25519.9101731158,19340.3402928915
"ws-A3",11826.4539476063,9029.44969207683,8122.36632782646,5683.93549642008,4494.04094563008,1897.01537737308,1482.85288103705,7839.49861766614,3952.6174167932,2296.97275191794,1131.34164379405,0,1089.91731935759,2097.01828905447,3086.94222737425,25485.6207087866,24219.9962196256,21413.0466904615,18488.9590480958,18047.5611995084,26992.6562844596,27134.0739899339,41268.5323986857,23978.5851331136,26209.8539683233,14899.2072027953,16564.8052161072,14416.4011793772,14899.2152775982,16406.2508532713,3321.1861545671,4262.55090834302,5469.60634090298,6386.69150240704,14882.0705454335,23100.2107801546,22434.530427614,20868.8934961281,19261.7918661908,17430.4642559204,15964.8530046839,42492.7971618344,4079.87844929413,4745.55072703177,5386.97571170996,3338.45200877594,2141.28532622852,5928.39924054685,4696.81389682322,3821.15305975573,3348.34075878848,6197.07797852197,17106.1964457324,20468.8230743419,66465.2527553084,17754.7239913061,17896.1416967804,17347.6075322444,18047.5611995084,14216.3982676959,16547.6685587455,14899.2152775982,24178.5718951891,23100.2107801546,26651.2518169099,20471.6819366855
"ws-A1",12857.7941355598,10060.7898800303,9153.70651577993,6715.27568437355,5525.38113358356,2928.35556532655,2514.19306899052,8870.83880561961,4983.95760474667,3386.89007127553,2221.2589631516,1089.91731935759,0,1065.678101101,2055.60203942078,26516.9608967401,25251.3364075791,22444.386878415,19520.2992360493,19078.9013874618,28023.9964724131,28165.4141778873,40178.615079328,25009.9253210671,27241.1941562767,15930.5473907488,17596.1454040607,15447.7413673307,15930.5554655517,17437.5910412247,4411.10347392469,5352.46822770061,6559.52366026057,7476.60882176463,15913.410733387,24131.5509681081,23465.8706155674,21900.2336840815,20293.1320541443,18461.8044438738,16996.1931926373,41402.8798424768,3048.53826134066,3714.21053907829,4355.63552375649,2307.11182082246,3231.20264558611,4897.05905259338,5786.7312161808,4911.07037911331,4438.25807814607,5165.7377905685,18137.5366336859,21500.1632622953,65375.3354359509,18786.0641792596,18927.4818847339,18378.9477201979,19078.9013874618,15247.7384556494,17579.0087466989,15930.5554655517,25209.9120831425,24131.5509681081,27682.5920048634,21503.022124639
"ws-15A",13923.4722366608,11126.4679811313,10219.3846168809,7780.95378547455,6591.05923468455,3994.03366642755,3579.87117009152,9936.51690672062,6049.63570584767,4159.68251535599,3228.35993284852,2097.01828905447,1065.678101101,0,989.923938319781,27582.6389978411,26317.0145086801,23510.064979516,20585.9773371502,20144.5794885628,29089.6745735141,29231.0922789883,39405.8226352476,26075.6034221681,28306.8722573777,16996.2254918498,18661.8235051617,16513.4194684317,16996.2335666526,18503.2691423257,5183.89591800511,6125.26067178103,7332.31610434099,8249.40126584505,16979.088834488,25197.2290692091,24531.5487166684,22965.9117851825,21358.8101552453,19527.4825449748,18061.8712937383,40630.0873983963,1982.86016023966,2648.5324379773,3289.9574226555,1241.43371972147,4003.99508966653,3831.38095149238,6559.52366026122,5683.86282319374,5211.05052222649,4100.05968946777,19203.2147347869,22565.8413633963,64602.5429918704,19851.7422803606,19993.1599858348,19444.6258212988,20144.5794885628,16313.4165567504,18644.6868477999,16996.2335666526,26275.5901842435,25197.2290692091,28748.2701059643,22568.70022574
"ws-15",14913.3961749805,12116.3919194511,11209.3085552007,8770.87772379433,7580.98317300433,4983.95760474733,4569.7951084113,10926.4408450404,7039.55964416745,5149.60645367577,4218.2838711683,3086.94222737425,2055.60203942078,989.923938319781,0,28572.5629361609,27306.9384469998,24499.9889178357,21575.90127547,21134.5034268826,30079.5985118338,30221.0162173081,38415.8986969279,27065.5273604878,29296.7961956975,17986.1494301696,19651.7474434815,17503.3434067515,17986.1575049724,19493.1930806455,6173.81985632485,7115.18461010077,8322.24004266073,9239.3252041648,17969.0127728078,26187.1530075288,25521.4726549882,23955.8357235023,22348.7340935651,20517.4064832946,19051.7952320581,39640.1634600766,1407.09871825583,1741.44099892474,2300.03348433599,807.08190840894,4993.91902798628,2841.4570131726,7549.44759858097,6673.78676151348,6200.97446054624,3689.96324601812,20193.1386731066,23555.7653017161,63612.6190535506,20841.6662186804,20983.0839241546,20434.5497596186,21134.5034268826,17303.3404950701,19634.6107861197,17986.1575049724,27265.5141225633,26187.1530075288,29738.1940442841,23558.6241640598
"bh-7",13659.1667611804,16456.1710167098,17363.2543809602,19801.6852123666,21108.7340259648,23588.6053314136,24471.3848789825,18953.162829915,21533.0032919934,23540.1107452933,24354.2790649926,25485.6207087866,26516.9608967401,27582.6389978411,28572.5629361609,0,1265.62448916103,4072.57401832515,6996.66166069087,7438.05950927831,1507.03557567299,1648.45328114725,31437.9603998814,1507.03557567302,1572.75564198809,10586.4135059913,8920.81549267944,11186.3737922177,11727.7650218428,9220.79563579262,23115.8576288705,23915.7966023692,25040.0033860561,25957.0885475602,11710.6202896781,19928.7605243992,19263.0801718586,17697.4432403727,16090.3416104354,14259.0140001649,12793.4027489285,30130.8631374655,29565.4991580808,30231.1714358184,30872.5964204966,28824.0727175626,24515.8780106403,31414.0199493335,24681.4541863417,23557.247402655,24181.5357299715,31682.6986873086,8379.42426305427,17297.3728185865,57463.1672452351,8320.87135605987,8462.28906153387,8138.01317654228,7438.05950927831,11269.2224410908,13376.21830299,11727.7650218428,1307.04881359757,19928.7605243992,1165.63110812327,5013.93877210111
"bh-9",12393.5422720194,15190.5465275488,16097.6298917992,18536.0607232055,19843.1095368038,22322.9808422525,23205.7603898214,17687.538340754,20267.3788028324,22274.4862561323,23088.6545758316,24219.9962196256,25251.3364075791,26317.0145086801,27306.9384469998,1265.62448916103,0,2806.94952916412,5731.03717152984,6172.43502011728,2772.66006483402,2914.07777030829,32703.5848890424,241.411086511992,2214.13217784794,9320.78901683031,7655.19100351841,9920.74930305667,10462.1405326817,7955.17114663159,21850.2331397095,22650.1721132082,23774.3788968951,24691.4640583992,10444.9958005171,18663.1360352382,17997.4556826975,16431.8187512116,14824.7171212744,12993.3895110039,11527.7782597674,31396.4876266265,28299.8746689197,28965.5469466574,29606.9719313356,27558.4482284016,23250.2535214793,30148.3954601725,23415.8296971807,22291.622913494,22915.9112408105,30417.0741981476,7113.79977389324,16031.7483294254,58728.7917343961,7055.24686689884,7196.66457237284,6872.38868738125,6172.43502011728,10003.5979519297,12110.593813829,10462.1405326817,100.001455840655,18663.1360352382,2431.2555972843,3748.31428294008
"bh-11",9586.59274285523,12383.5969983847,13290.6803626351,15729.1111940414,17036.1600076397,19516.0313130884,20398.8108606573,14880.5888115899,17460.4292736683,19467.5367269682,20281.7050466675,21413.0466904615,22444.386878415,23510.064979516,24499.9889178357,4072.57401832515,2806.94952916412,0,2924.08764236572,3365.48549095316,5579.60959399814,5721.02729947241,35510.5344182065,2565.53844265213,4796.80727786179,6513.83948766619,4848.24147435429,7113.79977389255,7655.1910035176,5148.22161746747,19043.2836105454,19843.2225840441,20967.429367731,21884.5145292351,7638.04627135296,15856.1865060741,15190.5061535334,13624.8692220475,12017.7675921103,10186.4399818398,8720.8287306033,34203.4371557906,25492.9251397556,26158.5974174933,26800.0224021715,24751.4986992374,20443.3039923152,27341.4459310083,20608.8801680166,19484.6733843299,20108.9617116463,27610.1246689835,4306.85024472912,13224.7988002613,61535.7412635603,4248.29733773472,4389.71504320872,4065.43915821713,3365.48549095316,7196.64842276563,9303.64428466489,7655.1910035176,2765.52520472758,15856.1865060741,5238.20512644842,941.364753775958
"bh-12",6662.50510048951,9459.50935601896,10366.5927202693,12805.0235516757,14112.0723652739,16591.9436707227,17474.7232182916,11956.5011692241,14536.3416313026,16543.4490846024,17357.6174043018,18488.9590480958,19520.2992360493,20585.9773371502,21575.90127547,6996.66166069087,5731.03717152984,2924.08764236572,0,441.397848587444,8503.69723636386,8645.11494183812,38434.6220605723,5489.62608501785,7720.8949202275,3589.75184530047,1924.15383198857,4189.71213152683,4731.10336115189,2224.13397510175,16119.1959681796,16919.1349416784,18043.3417253653,18960.4268868693,4713.95862898724,12932.0988637084,12266.4185111677,10700.7815796818,9093.67994974456,7262.35233947406,5796.74108823758,37127.5247981563,22568.8374973899,23234.5097751275,23875.9347598057,21827.4110568717,17519.2163499495,24417.3582886426,17684.7925256509,16560.5857419642,17184.8740692806,24686.0370266177,1382.7626023634,10300.7111578956,64459.828905926,1324.20969536901,1465.627400843,1141.35151585141,441.397848587444,4272.56078039991,6379.55664229917,4731.10336115189,5689.6128470933,12932.0988637084,8162.29276881414,1982.72288858976
"bh-13",6221.10725190207,9018.11150743151,9925.19487168189,12363.6257030883,13670.6745166865,16150.5458221353,17033.3253697042,11515.1033206367,14094.9437827152,16102.051236015,16916.2195557143,18047.5611995084,19078.9013874618,20144.5794885628,21134.5034268826,7438.05950927831,6172.43502011728,3365.48549095316,441.397848587444,0,8945.0950849513,9086.51279042557,38876.0199091597,5931.02393360529,8162.29276881495,3148.35399671303,1482.75598340113,3748.31428293939,4289.70551256444,1782.73612651431,15677.7981195922,16477.7370930909,17601.9438767778,18519.0290382819,4272.56078039979,12490.7010151209,11825.0206625803,10259.3837310943,8652.28210115712,6820.95449088662,5355.34323965013,37568.9226467438,22127.4396488025,22793.1119265401,23434.5369112183,21386.0132082843,17077.818501362,23975.9604400552,17243.3946770634,16119.1878933767,16743.4762206932,24244.6391780303,941.364753775958,9859.31330930814,64901.2267545134,965.660495654641,1107.07820112863,699.953667263966,0,3831.16293181247,5938.15879371173,4289.70551256444,6131.01069568074,12490.7010151209,8603.69061740158,2424.1207371772
"bh-6",15166.2023368534,17963.2065923828,18870.2899566332,21308.7207880396,22615.7696016378,25095.6409070865,25978.4204546554,20460.198405588,23040.0388676664,25047.1463209663,25861.3146406656,26992.6562844596,28023.9964724131,29089.6745735141,30079.5985118338,1507.03557567299,2772.66006483402,5579.60959399814,8503.69723636386,8945.0950849513,0,141.417705474266,29930.9248242084,3014.07115134601,3079.79121766108,12093.4490816643,10427.8510683524,12693.4093678907,13234.8005975157,10727.8312114656,24622.8932045435,25422.8321780422,26547.0389617291,27464.1241232332,13217.6558653511,21435.7961000722,20770.1157475316,19204.4788160456,17597.3771861084,15766.0495758379,14300.4383246014,28623.8275617925,31072.5347337538,31738.2070114914,32379.6319961696,30331.1082932356,26022.9135863133,32921.0555250065,26188.4897620147,25064.282978328,25688.5713056445,33189.7342629816,9886.45983872726,18804.4083942594,55956.1316695621,9827.90693173286,9969.32463720686,9645.04875221527,8945.0950849513,12776.2580167638,14883.253878663,13234.8005975157,2814.08438927056,21435.7961000722,341.404467549718,6520.9743477741
"bh-5",15307.6200423276,18104.6242978571,19011.7076621074,21450.1384935138,22757.187307112,25237.0586125608,26119.8381601297,20601.6161110623,23181.4565731407,25188.5640264405,26002.7323461398,27134.0739899339,28165.4141778873,29231.0922789883,30221.0162173081,1648.45328114725,2914.07777030829,5721.02729947241,8645.11494183812,9086.51279042557,141.417705474266,0,29789.5071187341,3155.48885682028,3221.20892313534,12234.8667871386,10569.2687738267,12834.827073365,13376.21830299,10869.2489169399,24764.3109100177,25564.2498835165,26688.4566672034,27605.5418287074,13359.0735708254,21577.2138055465,20911.5334530058,19345.8965215199,17738.7948915827,15907.4672813122,14441.8560300757,28482.4098563182,31213.952439228,31879.6247169657,32521.0497016438,30472.5259987098,26164.3312917876,33062.4732304807,26329.907467489,25205.7006838023,25829.9890111187,33331.1519684559,10027.8775442015,18945.8260997337,55814.7139640878,9969.32463720713,10110.7423426811,9786.46645768953,9086.51279042557,12917.675722238,15024.6715841373,13376.21830299,2955.50209474483,21577.2138055465,482.822173023984,6662.39205324836
"bh-1",45097.1271610618,47894.1314165913,48801.2147808417,46718.1593694893,45528.2648186993,43048.3935132505,42048.4597028733,48873.7224907354,44986.8412898624,43565.5051506036,42399.8740424796,41268.5323986857,40178.615079328,39405.8226352476,38415.8986969279,31437.9603998814,32703.5848890424,35510.5344182065,38434.6220605723,38876.0199091597,29930.9248242084,29789.5071187341,0,32944.9959755543,33010.7160418694,42024.3739058728,40358.7758925609,42624.3341920992,43165.7254217242,40658.7560356741,44589.7185532528,45531.0833070287,46738.1387395887,47655.2239010928,43148.5806895596,51366.7209242808,50701.0405717401,49135.4036402542,47528.302010317,45696.9744000464,44231.3631488099,1307.09726241592,38418.7737088779,37811.6785625444,37463.139234887,38808.7373609714,43409.8177249142,37570.2674760318,45965.3462955089,45089.6854584414,44616.8731574742,38618.7604709527,39817.3846629357,48735.333218468,26142.3611081618,39758.8317559413,39900.2494614153,39575.9735764237,38876.0199091597,42707.1828409722,44814.1787028715,43165.7254217242,32745.0092134789,51366.7209242808,30272.3292917581,36451.8991719825
"bh-10",12152.1311855074,14949.1354410368,15856.2188052872,18294.6496366936,19601.6984502918,22081.5697557405,22964.3493033094,17446.127254242,20025.9677163204,22033.0751696203,22847.2434893196,23978.5851331136,25009.9253210671,26075.6034221681,27065.5273604878,1507.03557567302,241.411086511992,2565.53844265213,5489.62608501785,5931.02393360529,3014.07115134601,3155.48885682028,32944.9959755543,0,2431.27174689097,9079.37793031832,7413.77991700642,9679.33821654468,10220.7294461697,7713.7600601196,21608.8220531975,22408.7610266962,23532.9678103831,24450.0529718872,10203.5847140051,18421.7249487262,17756.0445961856,16190.4076646996,14583.3060347624,12751.9784244919,11286.3671732554,31637.8987131385,28058.4635824078,28724.1358601454,29365.5608448236,27317.0371418896,23008.8424349673,29906.9843736605,23174.4186106687,22050.211826982,22674.5001542985,30175.6631116356,6872.38868738125,15790.3372429134,58970.2028209081,6813.83578038685,6955.25348586084,6630.97760086926,5931.02393360529,9762.18686541776,11869.182727317,10220.7294461697,199.986762075452,18421.7249487262,2672.66668379629,3506.90319642809
"bh-8",14383.400020717,17180.4042762465,18087.4876404968,20525.9184719032,21832.9672855014,24312.8385909502,25195.6181385191,19677.3960894516,22257.2365515301,24264.3440048299,25078.5123245292,26209.8539683233,27241.1941562767,28306.8722573777,29296.7961956975,1572.75564198809,2214.13217784794,4796.80727786179,7720.8949202275,8162.29276881495,3079.79121766108,3221.20892313534,33010.7160418694,2431.27174689097,0,11310.646765528,9645.04875221607,11910.6070517543,12451.9982813794,9945.02889532925,23840.0908884071,24640.0298619059,25764.2366455928,26681.3218070968,12434.8535492147,20652.9937839359,19987.3134313952,18421.6764999093,16814.5748699721,14983.2472597016,13517.6360084651,31703.6187794536,30289.7324176174,30955.404695355,31596.8296800332,29548.3059770992,25240.1112701769,32138.2532088701,25405.6874458784,24281.4806621916,24905.7689895081,32406.9319468452,9103.6575225909,18021.6060781231,59035.9228872232,9045.10461559651,9186.5223210705,8862.24643607891,8162.29276881494,11993.4557006274,14100.4515625267,12451.9982813794,2255.55650228448,20652.9937839359,2738.38675011136,5738.17203163774
"bh-20",3072.75325518904,5869.75751071848,6776.84087496885,9215.27170637523,10522.3205199735,13002.1918254222,13884.9713729912,8366.74932392366,10946.5897860021,12953.697239302,13767.8655590013,14899.2072027953,15930.5473907488,16996.2254918498,17986.1494301696,10586.4135059913,9320.78901683031,6513.83948766619,3589.75184530047,3148.35399671303,12093.4490816643,12234.8667871386,42024.3739058728,9079.37793031832,11310.646765528,0,1665.5980133119,599.960286226357,1141.35151585141,1507.04365047595,12529.4441228792,13329.3830963779,14453.5898800648,15370.6750415689,1124.20678368676,9342.34701840788,8676.66666586723,7111.02973438131,5503.92810444409,3672.60049417359,2206.98924293711,40717.2766434568,18979.0856520895,19644.7579298271,20286.1829145053,18237.6592115713,13929.464504649,20827.6064433422,14095.0406803504,12970.8338966637,13595.1222239802,21096.2851813173,2206.98924293707,6710.95931259511,68049.5807512264,2855.5167885108,2996.93449398507,2448.40032944906,3148.35399671303,682.808935099437,2789.8047969987,1141.35151585141,9279.36469239377,9342.34701840788,11752.0446141146,5572.47473389023
"bh-17",4738.35126850094,7535.35552403038,8442.43888828075,10880.8697196871,12187.9185332854,14667.7898387342,15550.5693863031,10032.3473372356,12612.187799314,14619.2952526139,15433.4635723132,16564.8052161072,17596.1454040607,18661.8235051617,19651.7474434815,8920.81549267944,7655.19100351841,4848.24147435429,1924.15383198857,1482.75598340113,10427.8510683524,10569.2687738267,40358.7758925609,7413.77991700642,9645.04875221607,1665.5980133119,0,2265.55829953826,2806.94952916331,382.828791986258,14195.0421361911,14994.9811096898,16119.1878933767,17036.2730548808,2789.80479699867,11007.9450317198,10342.2646791791,8776.62774769321,7169.52611775599,5338.19850748549,3872.58725624901,39051.6786301449,20644.6836654013,21310.355943139,21951.7809278172,19903.2572248832,15595.0625179609,22493.2044566541,15760.6386936623,14636.4319099756,15260.7202372921,22761.8831946292,541.39122962517,8376.55732590702,66383.9827379146,1189.9187751989,1331.33648067317,782.802316137163,1482.75598340113,2348.40694841134,4455.4028103106,2806.94952916331,7613.76667908187,11007.9450317198,10086.4466008027,3906.87672057833
"bh-21",2589.94723177091,5386.95148730036,6294.03485155073,8732.4656829571,10039.5144965553,12519.3858020041,13402.165349573,7883.94330050553,10463.783762584,12470.8912158838,13285.0595355832,14416.4011793772,15447.7413673307,16513.4194684317,17503.3434067515,11186.3737922177,9920.74930305667,7113.79977389255,4189.71213152683,3748.31428293939,12693.4093678907,12834.827073365,42624.3341920992,9679.33821654468,11910.6070517543,599.960286226357,2265.55829953826,0,541.391229625054,2107.00393670231,12046.638099461,12846.5770729598,13970.7838566467,14887.8690181507,524.246497460408,8742.38673218153,8076.70637964088,6511.06944815496,4903.96781821773,3072.64020794723,1607.02895671075,41317.2369296832,18496.2796286713,19161.951906409,19803.3768910872,17754.8531881531,13446.6584812309,20344.800419924,13612.2346569323,12488.0278732456,13112.316200562,20613.4791578992,2806.94952916343,6110.99902636876,68649.5410374528,3455.47707473716,3596.89478021143,3048.36061567542,3748.31428293939,200.002911681309,2189.84451077234,541.391229625054,9879.32497862013,8742.38673218153,12352.004900341,6172.43502011659
"bh-22",3072.76132999189,5869.76558552133,6776.8489497717,9215.27978117808,10522.3285947763,13002.1999002251,13884.979447794,8366.75739872651,10946.597860805,12953.7053141048,13767.8736338041,14899.2152775982,15930.5554655517,16996.2335666526,17986.1575049724,11727.7650218428,10462.1405326817,7655.1910035176,4731.10336115189,4289.70551256444,13234.8005975157,13376.21830299,43165.7254217242,10220.7294461697,12451.9982813794,1141.35151585141,2806.94952916331,541.391229625054,0,2648.39516632736,12529.452197682,13329.3911711807,14453.5979548677,15370.6831163717,241.419161314921,8200.99550255647,7535.31515001582,5969.6782185299,4362.57658859268,2531.24897832218,1065.63772708569,41858.6281593082,18979.0937268923,19644.7660046299,20286.1909893081,18237.6672863741,13929.4725794518,20827.614518145,14095.0487551533,12970.8419714665,13595.130298783,21096.2932561201,3348.34075878848,5569.6077967437,69190.9322670778,3996.86830436221,4138.28600983648,3589.75184530047,4289.70551256444,682.817009902283,1648.45328114729,0,10420.7162082452,8200.99550255647,12893.396129966,6713.82624974164
"bh-18",4579.79690566499,7376.80116119443,8283.8845254448,10722.3153568512,12029.3641704494,14509.2354758982,15392.0150234671,9873.79297439961,12453.6334364781,14460.7408897779,15274.9092094772,16406.2508532713,17437.5910412247,18503.2691423257,19493.1930806455,9220.79563579262,7955.17114663159,5148.22161746747,2224.13397510175,1782.73612651431,10727.8312114656,10869.2489169399,40658.7560356741,7713.7600601196,9945.02889532925,1507.04365047595,382.828791986258,2107.00393670231,2648.39516632736,0,14036.4877733551,14836.4267468538,15960.6335305408,16877.7186920448,2631.25043416272,10849.3906688838,10183.7103163432,8618.07338485726,7010.97175492004,5179.64414464954,3714.03289341306,39351.6587732581,20486.1293025654,21151.801580303,21793.2265649812,19744.7028620472,15436.5081551249,22334.6500938181,15602.0843308264,14477.8775471396,15102.1658744561,22603.3288317932,841.371372738349,8218.00296307107,66683.9628810277,1489.89891831208,1631.31662378635,1082.78245925034,1782.73612651431,2189.85258557539,4296.84844747465,2648.39516632736,7913.74682219505,10849.3906688838,10386.4267439159,4206.85686369151
"ws-25",9456.69086769012,6659.68661216067,5752.60324791031,3314.17241650393,2124.27786571393,1541.32504000231,2541.25885037946,5469.73553774999,1665.68683614427,1024.21340264915,2189.84451077312,3321.1861545671,4411.10347392469,5183.89591800511,6173.81985632485,23115.8576288705,21850.2331397095,19043.2836105454,16119.1959681796,15677.7981195922,24622.8932045435,24764.3109100177,44589.7185532528,21608.8220531975,23840.0908884071,12529.4441228792,14195.0421361911,12046.638099461,12529.452197682,14036.4877733551,0,941.364753775924,2148.42018633589,3065.50534783995,12512.3074655174,20730.4477002385,20064.7673476978,18499.1304162119,16892.0287862747,15060.7011760042,13595.0899247677,45813.9833164015,6698.13902701195,7363.81130474959,8005.23628942779,5956.71258649376,1648.51787957149,8546.65981826467,1624.17368887536,499.96690518863,1065.678101101,8815.33855623979,14736.4333658162,18099.0599944257,69786.4389098754,15384.96091139,15526.3786168642,14977.8444523282,15677.7981195922,11846.6351877797,14177.9054788293,12529.452197682,21808.8088152729,20730.4477002385,24281.4887369937,18101.9188567694
"ws-K",10256.6298411888,7459.6255856594,6552.54222140903,4114.11139000266,2924.21683921266,2482.68979377824,3482.62360415538,6269.67451124872,2465.625809643,1965.57815642508,3131.20926454904,4262.55090834302,5352.46822770061,6125.26067178103,7115.18461010077,23915.7966023692,22650.1721132082,19843.2225840441,16919.1349416784,16477.7370930909,25422.8321780422,25564.2498835165,45531.0833070287,22408.7610266962,24640.0298619059,13329.3830963779,14994.9811096898,12846.5770729598,13329.3911711807,14836.4267468538,941.364753775924,0,1207.05543255996,2124.14059406403,13312.2464390161,21530.3866737372,20864.7063211966,19299.0693897107,17691.9677597734,15860.6401495029,14395.0288982664,46755.3480701774,7170.88672955503,7836.55900729266,8477.98399197086,6722.34594605724,2121.26558211457,9019.40752080774,765.657583972517,441.397848587294,1207.09580657518,9288.08625878286,15536.372339315,18898.9989679245,70727.8036636513,16184.8998848887,16326.317590363,15777.783425827,16477.7370930909,12646.5741612785,14977.844452328,13329.3911711807,22608.7477887717,21530.3866737372,25081.4277104925,18901.8578302681
"ws-25B",11380.8366248758,8583.83236934632,7676.74900509595,5238.31817368957,4048.42362289957,3689.7452263382,4689.67903671534,7393.88129493563,3589.83259332991,3172.63358898504,4338.264697109,5469.60634090298,6559.52366026057,7332.31610434099,8322.24004266073,25040.0033860561,23774.3788968951,20967.429367731,18043.3417253653,17601.9438767778,26547.0389617291,26688.4566672034,46738.1387395887,23532.9678103831,25764.2366455928,14453.5898800648,16119.1878933767,13970.7838566467,14453.5979548677,15960.6335305408,2148.42018633589,1207.05543255996,0,1082.78245925022,14436.453222703,22654.5934574241,21988.9131048835,20423.2761733976,18816.1745434603,16984.8469331898,15519.2356819534,47962.4035027374,8319.36503071074,8926.4601770443,9392.15376751026,7929.4013786172,3328.32101467446,9933.57729634714,1065.67810110034,1648.45328114725,2121.26558211457,10202.2560343223,16660.5791230019,20023.2057516114,71934.8590962112,17309.1066685756,17450.5243740499,16901.9902095139,17601.9438767778,13770.7809449654,16102.0512360149,14453.5979548677,23732.9545724586,22654.5934574241,26205.6344941794,20026.064613955
"ws-18",12297.9217863798,9500.91753085038,8593.83416660001,6155.40333519364,4965.50878440364,4606.83038784226,5606.76419821941,8310.9664564397,4506.91775483397,4089.7187504891,5255.34985861307,6386.69150240704,7476.60882176463,8249.40126584505,9239.3252041648,25957.0885475602,24691.4640583992,21884.5145292351,18960.4268868693,18519.0290382819,27464.1241232332,27605.5418287074,47655.2239010928,24450.0529718872,26681.3218070968,15370.6750415689,17036.2730548808,14887.8690181507,15370.6831163717,16877.7186920448,3065.50534783995,2124.14059406403,1082.78245925022,0,15353.5383842071,23571.6786189282,22905.9982663875,21340.3613349016,19733.2597049644,17901.9320946939,16436.3208434574,48879.4886642414,9236.45019221477,9843.54533854826,10192.0846662059,8846.48654012126,4245.40617617853,10499.1996694263,1689.87760558383,2565.53844265132,3038.35074361856,10416.415618977,17577.664284506,20940.2909131154,72851.9442577152,18226.1918300797,18367.6095355539,17819.0753710179,18519.0290382819,14687.8661064694,17019.136397519,15370.6831163717,24650.0397339626,23571.6786189282,27122.7196556835,20943.1497754591
"bh-23",3055.61659782724,5852.62085335669,6759.70421760705,9198.13504901343,10505.1838626117,12985.0551680604,13867.8347156294,8349.61266656186,10929.4531286403,12936.5605819402,13750.7289016395,14882.0705454335,15913.410733387,16979.088834488,17969.0127728078,11710.6202896781,10444.9958005171,7638.04627135296,4713.95862898724,4272.56078039979,13217.6558653511,13359.0735708254,43148.5806895596,10203.5847140051,12434.8535492147,1124.20678368676,2789.80479699867,524.246497460408,241.419161314921,2631.25043416272,12512.3074655174,13312.2464390161,14436.453222703,15353.5383842071,0,8383.83753246728,7718.15717992663,6152.52024844071,4545.41861850349,2714.09100823298,1248.4797569965,41841.4834271436,18961.9489947277,19627.6212724653,20269.0462571435,18220.5225542095,13912.3278472872,20810.4697859804,14077.9040229886,12953.6972393019,13577.9855666184,21079.1485239555,3331.19602662384,5752.44982665451,69173.7875349132,3979.72357219757,4121.14127767183,3572.60711313583,4272.56078039979,665.672277737637,1831.29531105809,241.419161314921,10403.5714760805,8383.83753246728,12876.2513978014,6696.681517577
"bh-30",11273.7568325484,14070.7610880778,14977.8444523282,17416.2752837346,18723.3240973328,21203.1954027815,22085.9749503504,16567.752901283,19147.5933633614,21154.7008166613,21968.8691363606,23100.2107801546,24131.5509681081,25197.2290692091,26187.1530075288,19928.7605243992,18663.1360352382,15856.1865060741,12932.0988637084,12490.7010151209,21435.7961000722,21577.2138055465,51366.7209242808,18421.7249487262,20652.9937839359,9342.34701840788,11007.9450317198,8742.38673218153,8200.99550255647,10849.3906688838,20730.4477002385,21530.3866737372,22654.5934574241,23571.6786189282,8383.83753246728,0,724.257483944762,2231.31728402657,3838.41891396379,5669.7465242343,7135.35777547078,50059.6236618648,27180.0892294487,27845.7615071864,28487.1864918646,26438.6627889305,22130.4680820083,29028.6100207015,22296.0442577097,21171.837474023,21796.1258013395,29297.2887586766,11549.336261345,5611.13709361774,77391.9277696342,12197.8638069187,12339.281512393,11790.747347857,12490.7010151209,8883.81251245876,6552.54222140918,8200.99550255647,18621.7117108017,0,21094.3916325225,14914.8217522981
"bh-29",10608.0764800077,13405.0807355372,14312.1640997875,16750.5949311939,18057.6437447921,20537.5150502409,21420.2945978098,15902.0725487423,18481.9130108208,20489.0204641206,21303.1887838199,22434.530427614,23465.8706155674,24531.5487166684,25521.4726549882,19263.0801718586,17997.4556826975,15190.5061535334,12266.4185111677,11825.0206625803,20770.1157475316,20911.5334530058,50701.0405717401,17756.0445961856,19987.3134313952,8676.66666586723,10342.2646791791,8076.70637964088,7535.31515001582,10183.7103163432,20064.7673476978,20864.7063211966,21988.9131048835,22905.9982663875,7718.15717992663,724.257483944762,0,1565.63693148592,3172.73856142315,5004.06617169365,6469.67742293013,49393.9433093241,26514.4088769081,27180.0811546457,27821.5061393239,25772.9824363899,21464.7877294676,28362.9296681608,21630.3639051691,20506.1571214823,21130.4454487988,28631.6084061359,10883.6559088043,4945.45674107709,76726.2474170936,11532.183454378,11673.6011598523,11125.0669953163,11825.0206625803,8218.13215991811,5886.86186886854,7535.31515001582,17956.031358261,724.257483944762,20428.7112799818,14249.1413997575
"bh-28",9042.43954852179,11839.4438040512,12746.5271683016,15184.957999708,16492.0068133062,18971.878118755,19854.6576663239,14336.4356172564,16916.2760793349,18923.3835326347,19737.551852334,20868.8934961281,21900.2336840815,22965.9117851825,23955.8357235023,17697.4432403727,16431.8187512116,13624.8692220475,10700.7815796818,10259.3837310943,19204.4788160456,19345.8965215199,49135.4036402542,16190.4076646996,18421.6764999093,7111.02973438131,8776.62774769321,6511.06944815496,5969.6782185299,8618.07338485726,18499.1304162119,19299.0693897107,20423.2761733976,21340.3613349016,6152.52024844071,2231.31728402657,1565.63693148592,0,1607.10162993722,3438.42924020773,4904.04049144421,47828.3063778382,24948.7719454222,25614.4442231598,26255.869207838,24207.345504904,19899.1507979817,26797.2927366749,20064.7269736831,18940.5201899964,19564.8085173129,27065.97147465,9318.01897731838,3379.81980959117,75160.6104856077,9966.54652289212,10107.9642283664,9559.43006383038,10259.3837310943,6652.49522843218,4321.22493738261,5969.6782185299,16390.3944267751,2231.31728402657,18863.0743484959,12683.5044682716
"bh-27",7435.33791858457,10232.342174114,11139.4255383644,13577.8563697708,14884.905183369,17364.7764888178,18247.5560363867,12729.3339873192,15309.1744493977,17316.2819026975,18130.4502223968,19261.7918661908,20293.1320541443,21358.8101552453,22348.7340935651,16090.3416104354,14824.7171212744,12017.7675921103,9093.67994974456,8652.28210115712,17597.3771861084,17738.7948915827,47528.302010317,14583.3060347624,16814.5748699721,5503.92810444409,7169.52611775599,4903.96781821773,4362.57658859268,7010.97175492004,16892.0287862747,17691.9677597734,18816.1745434603,19733.2597049644,4545.41861850349,3838.41891396379,3172.73856142315,1607.10162993722,0,1831.3276102705,3296.93886150699,46221.2047479009,23341.670315485,24007.3425932226,24648.7675779008,22600.2438749668,18292.0491680445,25190.1911067377,18457.6253437459,17333.4185600592,17957.7068873757,25458.8698447128,7710.91734738116,1831.29531105806,73553.5088556705,8359.44489295489,8500.86259842916,7952.32843389315,8652.28210115712,5045.39359849496,2714.12330744539,4362.57658859268,14783.2927968379,3838.41891396379,17255.9727185587,11076.4028383343
"bh-25",5604.01030831406,8401.01456384351,9308.09792809388,11746.5287595003,13053.5775730985,15533.4488785473,16416.2284261162,10898.0063770487,13477.8468391272,15484.954292427,16299.1226121263,17430.4642559204,18461.8044438738,19527.4825449748,20517.4064832946,14259.0140001649,12993.3895110039,10186.4399818398,7262.35233947406,6820.95449088662,15766.0495758379,15907.4672813122,45696.9744000464,12751.9784244919,14983.2472597016,3672.60049417359,5338.19850748549,3072.64020794723,2531.24897832218,5179.64414464954,15060.7011760042,15860.6401495029,16984.8469331898,17901.9320946939,2714.09100823298,5669.7465242343,5004.06617169365,3438.42924020773,1831.3276102705,0,1465.61125123648,44389.8771376304,21510.3427052145,22176.0149829521,22817.4399676303,20768.9162646963,16460.721557774,23358.8634964672,16626.2977334754,15502.0909497887,16126.3792771052,23627.5422344423,5879.58973711066,3038.35881842153,71722.1812454,6528.11728268439,6669.53498815866,6121.00082362265,6820.95449088662,3214.06598822446,882.795697174889,2531.24897832218,12951.9651865674,5669.7465242343,15424.6451082882,9245.07522806382
"bh-24",4138.39905707758,6935.40331260703,7842.48667685739,10280.9175082638,11587.966321862,14067.8376273108,14950.6171748797,9432.3951258122,12012.2355878907,14019.3430411905,14833.5113608898,15964.8530046839,16996.1931926373,18061.8712937383,19051.7952320581,12793.4027489285,11527.7782597674,8720.8287306033,5796.74108823758,5355.34323965013,14300.4383246014,14441.8560300757,44231.3631488099,11286.3671732554,13517.6360084651,2206.98924293711,3872.58725624901,1607.02895671075,1065.63772708569,3714.03289341306,13595.0899247677,14395.0288982664,15519.2356819534,16436.3208434574,1248.4797569965,7135.35777547078,6469.67742293013,4904.04049144421,3296.93886150699,1465.61125123648,0,42924.2658863939,20044.731453978,20710.4037317156,21351.8287163938,19303.3050134598,14995.1103065375,21893.2522452307,15160.686482239,14036.4796985522,14660.7680258687,22161.9309832058,4413.97848587418,4503.97006965801,70256.5699941635,5062.50603144791,5203.92373692217,4655.38957238617,5355.34323965013,1748.45473698798,582.815554061594,1065.63772708569,11486.3539353309,7135.35777547078,13959.0338570517,7779.46397682734
"bh-2",43790.0298986459,46587.0341541753,47494.1175184257,47942.424132638,46752.529581848,44272.6582763992,43272.724466022,49084.0259673805,46211.1060530111,44789.7699137523,43624.1388056284,42492.7971618344,41402.8798424768,40630.0873983963,39640.1634600766,30130.8631374655,31396.4876266265,34203.4371557906,37127.5247981563,37568.9226467438,28623.8275617925,28482.4098563182,1307.09726241592,31637.8987131385,31703.6187794536,40717.2766434568,39051.6786301449,41317.2369296832,41858.6281593082,39351.6587732581,45813.9833164015,46755.3480701774,47962.4035027374,48879.4886642414,41841.4834271436,50059.6236618648,49393.9433093241,47828.3063778382,46221.2047479009,44389.8771376304,42924.2658863939,0,39643.0384720266,39035.9433256931,38687.4039980357,40033.0021241201,44634.0824880629,38794.5322391805,47189.6110586576,46313.9502215901,45841.1379206229,39843.0252341014,38510.2874005198,47428.2359560521,27332.3041077695,38451.7344935254,38593.1521989994,38268.8763140078,37568.9226467438,41400.0855785563,43507.0814404556,41858.6281593083,31437.911951063,50059.6236618648,28965.2320293422,35144.8019095666
"ws-4",15906.3323969004,13109.328141371,12202.2447771206,9763.81394571421,8573.91939492421,5976.89382666721,5562.73133033118,11919.3770669603,8032.49586608732,6025.38841278749,5211.22009308818,4079.87844929413,3048.53826134066,1982.86016023966,1407.09871825583,29565.4991580808,28299.8746689197,25492.9251397556,22568.8374973899,22127.4396488025,31072.5347337538,31213.952439228,38418.7737088779,28058.4635824078,30289.7324176174,18979.0856520895,20644.6836654013,18496.2796286713,18979.0937268923,20486.1293025654,6698.13902701195,7170.88672955503,8319.36503071074,9236.45019221477,18961.9489947277,27180.0892294487,26514.4088769081,24948.7719454222,23341.670315485,21510.3427052145,20044.731453978,39643.0384720266,0,665.672277737637,1307.09726241583,741.426440518194,5049.62114744046,1848.52079125272,7546.57258663094,6905.22027518001,6198.09944859621,2282.86452776228,21186.0748950265,24548.701523636,63615.4940655007,21834.6024406002,21976.0201460745,21427.4859815385,22127.4396488025,18296.27671699,20627.5470080396,18979.0937268923,28258.4503444832,27180.0892294487,30731.130266204,24551.5603859797
"ws-PVTSS",16572.0046746381,13775.0004191086,12867.9170548582,10429.4862234518,9239.59167266185,6642.56610440484,6228.40360806881,12585.0493446979,8698.16814382496,6691.06069052512,5876.89237082581,4745.55072703177,3714.21053907829,2648.5324379773,1741.44099892474,30231.1714358184,28965.5469466574,26158.5974174933,23234.5097751275,22793.1119265401,31738.2070114914,31879.6247169657,37811.6785625444,28724.1358601454,30955.404695355,19644.7579298271,21310.355943139,19161.951906409,19644.7660046299,21151.801580303,7363.81130474959,7836.55900729266,8926.4601770443,9843.54533854826,19627.6212724653,27845.7615071864,27180.0811546457,25614.4442231598,24007.3425932226,22176.0149829521,20710.4037317156,39035.9433256931,665.672277737637,0,641.424984678198,1407.09871825583,5715.2934251781,1182.84851351508,8153.66773296443,7570.89255291765,6805.19459492973,1948.52224709337,21851.7471727641,25214.3738013736,63008.3989191671,22500.2747183379,22641.6924238121,22093.1582592761,22793.1119265401,18961.9489947276,21293.2192857772,19644.7660046299,28924.1226222208,27845.7615071864,31396.8025439416,25217.2326637173
"ws-13",17213.4296593162,14416.4254037868,13509.3420395364,11070.91120813,9881.01665734004,7283.99108908304,6869.82859274701,13226.4743293761,9339.59312850316,7332.48567520332,6518.31735550401,5386.97571170996,4355.63552375649,3289.9574226555,2300.03348433599,30872.5964204966,29606.9719313356,26800.0224021715,23875.9347598057,23434.5369112183,32379.6319961696,32521.0497016438,37463.139234887,29365.5608448236,31596.8296800332,20286.1829145053,21951.7809278172,19803.3768910872,20286.1909893081,21793.2265649812,8005.23628942779,8477.98399197086,9392.15376751026,10192.0846662059,20269.0462571435,28487.1864918646,27821.5061393239,26255.869207838,24648.7675779008,22817.4399676303,21351.8287163938,38687.4039980357,1307.09726241583,641.424984678198,0,2048.52370293403,6356.7184098563,541.423528836885,8502.20706062216,8212.31753759584,7270.88818539568,1389.9297616824,22493.1721574423,25855.7987860518,62659.8595915097,23141.6997030161,23283.1174084903,22734.5832439543,23434.5369112183,19603.3739794058,21934.6442704554,20286.1909893081,29565.547606899,28487.1864918646,32038.2275286198,25858.6576483955
"ws-6",15164.9059563822,12367.9017008528,11460.8183366024,9022.38750519602,7832.49295440602,5235.46738614902,4821.30488981298,11177.9506264421,7291.06942556913,5283.96197226929,4469.79365256999,3338.45200877594,2307.11182082246,1241.43371972147,807.08190840894,28824.0727175626,27558.4482284016,24751.4986992374,21827.4110568717,21386.0132082843,30331.1082932356,30472.5259987098,38808.7373609714,27317.0371418896,29548.3059770992,18237.6592115713,19903.2572248832,17754.8531881531,18237.6672863741,19744.7028620472,5956.71258649376,6722.34594605724,7929.4013786172,8846.48654012126,18220.5225542095,26438.6627889305,25772.9824363899,24207.345504904,22600.2438749668,20768.9162646963,19303.3050134598,40033.0021241201,741.426440518194,1407.09871825583,2048.52370293403,0,4601.08036394274,2589.94723177091,7156.60893453743,6280.94809746998,5808.1357965027,2941.45846901326,20444.6484545083,23807.2750831178,64005.4577175942,21093.176000082,21234.5937055563,20686.0595410203,21386.0132082843,17554.8502764718,19886.1205675214,18237.6672863741,27517.023903965,26438.6627889305,29989.7038256858,23810.1339454615
"ws-12A",10856.7112494599,8059.70699393049,7152.62362968013,4714.19279827375,3524.29824748375,1672.76517263159,2438.39045739224,6869.75591951981,2982.87471864687,1224.26476314869,1589.8842245461,2141.28532622852,3231.20264558611,4003.99508966653,4993.91902798628,24515.8780106403,23250.2535214793,20443.3039923152,17519.2163499495,17077.818501362,26022.9135863133,26164.3312917876,43409.8177249142,23008.8424349673,25240.1112701769,13929.464504649,15595.0625179609,13446.6584812309,13929.4725794518,15436.5081551249,1648.51787957149,2121.26558211457,3328.32101467446,4245.40617617853,13912.3278472872,22130.4680820083,21464.7877294676,19899.1507979817,18292.0491680445,16460.721557774,14995.1103065375,44634.0824880629,5049.62114744046,5715.2934251781,6356.7184098563,4601.08036394274,0,6898.14193869318,2555.5285705947,1855.59912773955,1207.05543255996,7166.8206766683,16136.4537475861,19499.0803761955,68606.5380815369,16784.9812931598,16926.3989986341,16377.8648340981,17077.818501362,13246.6555695496,15577.9258605991,13929.4725794518,23208.8291970427,22130.4680820083,25681.5091187636,19501.9392385392
"ws-11",17754.8531881531,14957.8489326237,14050.7655683733,11612.3347369669,10422.4401861769,7825.41461791993,7411.2521215839,13767.897858213,9881.01665734004,7873.9092040402,7059.74088434089,5928.39924054685,4897.05905259338,3831.38095149238,2841.4570131726,31414.0199493335,30148.3954601725,27341.4459310083,24417.3582886426,23975.9604400552,32921.0555250065,33062.4732304807,37570.2674760318,29906.9843736605,32138.2532088701,20827.6064433422,22493.2044566541,20344.800419924,20827.614518145,22334.6500938181,8546.65981826467,9019.40752080774,9933.57729634714,10499.1996694263,20810.4697859804,29028.6100207015,28362.9296681608,26797.2927366749,25190.1911067377,23358.8634964672,21893.2522452307,38794.5322391805,1848.52079125272,1182.84851351508,541.423528836885,2589.94723177091,6898.14193869318,0,8867.8991952468,8753.74106643273,7812.31171423257,1048.49299492093,23034.5956862792,26397.2223148887,62766.9878326545,23683.1232318529,23824.5409373272,23276.0067727912,23975.9604400552,20144.7975082427,22476.0677992923,20827.614518145,30106.9711357359,29028.6100207014,32579.6510574567,26400.0811772324
"ws-16",11022.2874251614,8225.28316963192,7318.19980538155,4879.76897397517,3689.87442318517,3082.6500800046,4082.58389038174,7035.33209522123,3231.28339361551,2399.84114490531,3565.47225302924,4696.81389682322,5786.7312161808,6559.52366026122,7549.44759858097,24681.4541863417,23415.8296971807,20608.8801680166,17684.7925256509,17243.3946770634,26188.4897620147,26329.907467489,45965.3462955089,23174.4186106687,25405.6874458784,14095.0406803504,15760.6386936623,13612.2346569323,14095.0487551533,15602.0843308264,1624.17368887536,765.657583972517,1065.67810110034,1689.87760558383,14077.9040229886,22296.0442577097,21630.3639051691,20064.7269736831,18457.6253437459,16626.2977334754,15160.686482239,47189.6110586576,7546.57258663094,8153.66773296443,8502.20706062216,7156.60893453743,2555.5285705947,8867.8991952468,0,1124.20678368673,1348.47313803474,9136.57793322192,16302.0299232875,19664.656551897,71162.0666521315,16950.5574688612,17091.9751743355,16543.4410097995,17243.3946770634,13412.231745251,15743.5020363006,14095.0487551533,23374.4053727442,22296.0442577097,25847.085294465,19667.5154142406
"ws-25A",9898.08064147463,7101.07638594519,6193.99302169482,3755.56219028844,2565.66763949844,2041.29194519095,3041.22575556809,5911.1253115345,2107.07660992878,1524.18030783779,2689.81141596175,3821.15305975573,4911.07037911331,5683.86282319374,6673.78676151348,23557.247402655,22291.622913494,19484.6733843299,16560.5857419642,16119.1878933767,25064.282978328,25205.7006838023,45089.6854584414,22050.211826982,24281.4806621916,12970.8338966637,14636.4319099756,12488.0278732456,12970.8419714665,14477.8775471396,499.96690518863,441.397848587294,1648.45328114725,2565.53844265132,12953.6972393019,21171.837474023,20506.1571214823,18940.5201899964,17333.4185600592,15502.0909497887,14036.4796985522,46313.9502215901,6905.22027518001,7570.89255291765,8212.31753759584,6280.94809746998,1855.59912773955,8753.74106643273,1124.20678368673,0,941.429352200162,9022.41980440785,15177.8231396008,18540.4497682102,70286.405815064,15826.3506851745,15967.7683906488,15419.2342261128,16119.1878933767,12288.0249615642,14619.2952526138,12970.8419714665,22250.1985890574,21171.837474023,24722.8785107783,18543.3086305539
"ws-14",10522.3689687911,7725.36471326167,6818.2813490113,4379.85051760492,3189.95596681492,2231.26883520966,3231.2026455868,6535.41363885098,2731.36493724526,1548.45990011034,2382.69641274066,3348.34075878848,4438.25807814607,5211.05052222649,6200.97446054624,24181.5357299715,22915.9112408105,20108.9617116463,17184.8740692806,16743.4762206932,25688.5713056445,25829.9890111187,44616.8731574742,22674.5001542985,24905.7689895081,13595.1222239802,15260.7202372921,13112.316200562,13595.130298783,15102.1658744561,1065.678101101,1207.09580657518,2121.26558211457,3038.35074361856,13577.9855666184,21796.1258013395,21130.4454487988,19564.8085173129,17957.7068873757,16126.3792771052,14660.7680258687,45841.1379206229,6198.09944859621,6805.19459492973,7270.88818539568,5808.1357965027,1207.05543255996,7812.31171423257,1348.47313803474,941.429352200162,0,8080.99045220768,15802.1114669172,19164.7380955267,69813.5935140968,16450.639012491,16592.0567179652,16043.5225534292,16743.4762206932,12912.3132888807,15243.5835799303,13595.130298783,22874.4869163739,21796.1258013395,25347.1668380947,19167.5969578704
"ws-2C",18023.5319261282,15226.5276705988,14319.4443063484,11881.0134749421,10691.118924152,8094.09335589505,7679.93085955902,14036.5765961881,10149.6953953152,8142.58794201532,7328.41962231601,6197.07797852197,5165.7377905685,4100.05968946777,3689.96324601812,31682.6986873086,30417.0741981476,27610.1246689835,24686.0370266177,24244.6391780303,33189.7342629816,33331.1519684559,38618.7604709527,30175.6631116356,32406.9319468452,21096.2851813173,22761.8831946292,20613.4791578992,21096.2932561201,22603.3288317932,8815.33855623979,9288.08625878286,10202.2560343223,10416.415618977,21079.1485239555,29297.2887586766,28631.6084061359,27065.97147465,25458.8698447128,23627.5422344423,22161.9309832058,39843.0252341014,2282.86452776228,1948.52224709337,1389.9297616824,2941.45846901326,7166.8206766683,1048.49299492093,9136.57793322192,9022.41980440785,8080.99045220768,0,23303.2744242543,26665.9010528638,63815.4808275754,23951.8019698281,24093.2196753023,23544.6855107663,24244.6391780303,20413.4762462178,22744.7465372674,21096.2932561201,30375.649873711,29297.2887586766,32848.3297954318,26668.7599152075
"bh-16",5279.74249812611,8076.74675365555,8983.83011790593,11422.2609493123,12729.3097629105,15209.1810683593,16091.9606159282,10573.7385668607,13153.5790289392,15160.686482239,15974.8548019384,17106.1964457324,18137.5366336859,19203.2147347869,20193.1386731066,8379.42426305427,7113.79977389324,4306.85024472912,1382.7626023634,941.364753775958,9886.45983872726,10027.8775442015,39817.3846629357,6872.38868738125,9103.6575225909,2206.98924293707,541.39122962517,2806.94952916343,3348.34075878848,841.371372738349,14736.4333658162,15536.372339315,16660.5791230019,17577.664284506,3331.19602662384,11549.336261345,10883.6559088043,9318.01897731838,7710.91734738116,5879.58973711066,4413.97848587418,38510.2874005198,21186.0748950265,21851.7471727641,22493.1721574423,20444.6484545083,16136.4537475861,23034.5956862792,16302.0299232875,15177.8231396008,15802.1114669172,23303.2744242543,0,8917.94855553218,65842.5915082894,824.258939786076,965.676645260342,241.411086511992,941.364753775958,2889.79817803651,4996.79403993577,3348.34075878848,7072.3754494567,11549.336261345,9545.05537117754,3365.48549095316
"bh-26",8642.36912673559,11439.373382265,12346.4567465154,14784.8875779218,16091.93639152,18571.8076969688,19454.5872445377,13936.3651954702,16516.2056575487,18523.3131108485,19337.4814305478,20468.8230743419,21500.1632622953,22565.8413633963,23555.7653017161,17297.3728185865,16031.7483294254,13224.7988002613,10300.7111578956,9859.31330930814,18804.4083942594,18945.8260997337,48735.333218468,15790.3372429134,18021.6060781231,6710.95931259511,8376.55732590702,6110.99902636876,5569.6077967437,8218.00296307107,18099.0599944257,18898.9989679245,20023.2057516114,20940.2909131154,5752.44982665451,5611.13709361774,4945.45674107709,3379.81980959117,1831.29531105806,3038.35881842153,4503.97006965801,47428.2359560521,24548.701523636,25214.3738013736,25855.7987860518,23807.2750831178,19499.0803761955,26397.2223148887,19664.656551897,18540.4497682102,19164.7380955267,26665.9010528638,8917.94855553218,0,74760.5400638215,9566.47610110592,9707.89380658018,9159.35964204418,9859.31330930815,6252.42480664599,3921.15451559642,5569.6077967437,15990.3240049889,5611.13709361774,18463.0039267097,12283.4340464854
"bpns-O6",71122.3340064155,73919.3382619449,74353.3105575182,71914.8797261119,70724.9851753219,68245.1138698732,67245.1800594961,74070.4428473579,70183.561646485,68762.2255072263,67596.5943991024,66465.2527553084,65375.3354359509,64602.5429918704,63612.6190535506,57463.1672452351,58728.7917343961,61535.7412635603,64459.828905926,64901.2267545134,55956.1316695621,55814.7139640878,26142.3611081618,58970.2028209081,59035.9228872232,68049.5807512264,66383.9827379146,68649.5410374528,69190.9322670778,66683.9628810277,69786.4389098754,70727.8036636513,71934.8590962112,72851.9442577152,69173.7875349132,77391.9277696342,76726.2474170936,75160.6104856077,73553.5088556705,71722.1812454,70256.5699941635,27332.3041077695,63615.4940655007,63008.3989191671,62659.8595915097,64005.4577175942,68606.5380815369,62766.9878326545,71162.0666521315,70286.405815064,69813.5935140968,63815.4808275754,65842.5915082894,74760.5400638215,0,65784.0386012952,65925.4563067692,65601.1804217776,64901.2267545136,68732.389686326,70839.3855482252,69190.932267078,58770.2160588328,77391.9277696342,56297.5361371119,62477.1060173364
"bh-14",5928.27004369984,8725.27429922929,9632.35766347966,12070.788494886,13377.8373084843,15857.7086139331,16740.488161502,11222.2661124345,13802.1065745129,15809.2140278128,16623.3823475121,17754.7239913061,18786.0641792596,19851.7422803606,20841.6662186804,8320.87135605987,7055.24686689884,4248.29733773472,1324.20969536901,965.660495654641,9827.90693173286,9969.32463720713,39758.8317559413,6813.83578038685,9045.10461559651,2855.5167885108,1189.9187751989,3455.47707473716,3996.86830436221,1489.89891831208,15384.96091139,16184.8998848887,17309.1066685756,18226.1918300797,3979.72357219757,12197.8638069187,11532.183454378,9966.54652289212,8359.44489295489,6528.11728268439,5062.50603144791,38451.7344935254,21834.6024406002,22500.2747183379,23141.6997030161,21093.176000082,16784.9812931598,23683.1232318529,16950.5574688612,15826.3506851745,16450.639012491,23951.8019698281,824.258939786076,9566.47610110592,65784.0386012952,0,141.417705474266,641.424984678198,965.660495654641,3538.32572361024,5645.3215855095,3996.86830436221,7013.8225424623,12197.8638069187,9486.50246418315,3306.93258395877
"bh-15",6069.68774917411,8866.69200470355,9773.77536895393,12212.2062003603,13519.2550139585,15999.1263194073,16881.9058669762,11363.6838179087,13943.5242799872,15950.631733287,16764.8000529864,17896.1416967804,18927.4818847339,19993.1599858348,20983.0839241546,8462.28906153387,7196.66457237284,4389.71504320872,1465.627400843,1107.07820112863,9969.32463720686,10110.7423426811,39900.2494614153,6955.25348586084,9186.5223210705,2996.93449398507,1331.33648067317,3596.89478021143,4138.28600983648,1631.31662378635,15526.3786168642,16326.317590363,17450.5243740499,18367.6095355539,4121.14127767183,12339.281512393,11673.6011598523,10107.9642283664,8500.86259842916,6669.53498815866,5203.92373692217,38593.1521989994,21976.0201460745,22641.6924238121,23283.1174084903,21234.5937055563,16926.3989986341,23824.5409373272,17091.9751743355,15967.7683906488,16592.0567179652,24093.2196753023,965.676645260342,9707.89380658018,65925.4563067692,141.417705474266,0,782.842690152464,1107.07820112863,3679.74342908451,5786.73929098377,4138.28600983648,7155.24024793629,12339.281512393,9627.92016965714,3448.35028943276
"rel_leopoldkanaal8",5521.1535846381,8318.15784016755,9225.24120441792,11663.6720358243,12970.7208494225,15450.5921548713,16333.3717024402,10815.1496533727,13394.9901154512,15402.097568751,16216.2658884504,17347.6075322444,18378.9477201979,19444.6258212988,20434.5497596186,8138.01317654228,6872.38868738125,4065.43915821713,1141.35151585141,699.953667263966,9645.04875221527,9786.46645768953,39575.9735764237,6630.97760086926,8862.24643607891,2448.40032944906,782.802316137163,3048.36061567542,3589.75184530047,1082.78245925034,14977.8444523282,15777.783425827,16901.9902095139,17819.0753710179,3572.60711313583,11790.747347857,11125.0669953163,9559.43006383038,7952.32843389315,6121.00082362265,4655.38957238617,38268.8763140078,21427.4859815385,22093.1582592761,22734.5832439543,20686.0595410203,16377.8648340981,23276.0067727912,16543.4410097995,15419.2342261128,16043.5225534292,23544.6855107663,241.411086511992,9159.35964204418,65601.1804217776,641.424984678198,782.842690152464,0,699.953667263966,3131.2092645485,5238.20512644776,3589.75184530047,6830.96436294471,11790.7473478569,9303.64428466555,3124.07440444117
"rel_leopoldkanaal9",6221.10725190207,9018.11150743151,9925.19487168189,12363.6257030883,13670.6745166865,16150.5458221353,17033.3253697042,11515.1033206367,14094.9437827152,16102.051236015,16916.2195557143,18047.5611995084,19078.9013874618,20144.5794885628,21134.5034268826,7438.05950927831,6172.43502011728,3365.48549095316,441.397848587444,0,8945.0950849513,9086.51279042557,38876.0199091597,5931.02393360529,8162.29276881494,3148.35399671303,1482.75598340113,3748.31428293939,4289.70551256444,1782.73612651431,15677.7981195922,16477.7370930909,17601.9438767778,18519.0290382819,4272.56078039979,12490.7010151209,11825.0206625803,10259.3837310943,8652.28210115712,6820.95449088662,5355.34323965013,37568.9226467438,22127.4396488025,22793.1119265401,23434.5369112183,21386.0132082843,17077.818501362,23975.9604400552,17243.3946770634,16119.1878933767,16743.4762206932,24244.6391780303,941.364753775958,9859.31330930815,64901.2267545136,965.660495654641,1107.07820112863,699.953667263966,0,3831.16293181247,5938.15879371173,4289.70551256444,6131.01069568074,12490.7010151209,8603.69061740158,2424.1207371772
"rel_leopoldkanaal1",2389.9443200896,5186.94857561905,6094.03193986942,8532.46277127579,9839.51158487403,12319.3828903228,13202.1624378917,7683.94038882423,10263.7808509027,12270.8883042025,13085.0566239018,14216.3982676959,15247.7384556494,16313.4165567504,17303.3404950701,11269.2224410908,10003.5979519297,7196.64842276563,4272.56078039991,3831.16293181247,12776.2580167638,12917.675722238,42707.1828409722,9762.18686541776,11993.4557006274,682.808935099437,2348.40694841134,200.002911681309,682.817009902283,2189.85258557539,11846.6351877797,12646.5741612785,13770.7809449654,14687.8661064694,665.672277737637,8883.81251245876,8218.13215991811,6652.49522843218,5045.39359849496,3214.06598822446,1748.45473698798,41400.0855785563,18296.27671699,18961.9489947276,19603.3739794058,17554.8502764718,13246.6555695496,20144.7975082427,13412.231745251,12288.0249615642,12912.3132888807,20413.4762462178,2889.79817803651,6252.42480664599,68732.389686326,3538.32572361024,3679.74342908451,3131.2092645485,3831.16293181247,0,2331.27029104957,682.817009902283,9962.17362749321,8883.81251245875,12434.8535492141,6255.28366898967
"rel_leopoldkanaal7",4721.21461113918,7518.21886666862,8425.30223091899,10863.7330623254,12170.7818759236,14650.6531813724,15533.4327289413,10015.2106798738,12595.0511419523,14602.1585952521,15416.3269149514,16547.6685587455,17579.0087466989,18644.6868477999,19634.6107861197,13376.21830299,12110.593813829,9303.64428466489,6379.55664229917,5938.15879371173,14883.253878663,15024.6715841373,44814.1787028715,11869.182727317,14100.4515625267,2789.8047969987,4455.4028103106,2189.84451077234,1648.45328114729,4296.84844747465,14177.9054788293,14977.844452328,16102.0512360149,17019.136397519,1831.29531105809,6552.54222140918,5886.86186886854,4321.22493738261,2714.12330744539,882.795697174889,582.815554061594,43507.0814404556,20627.5470080396,21293.2192857772,21934.6442704554,19886.1205675214,15577.9258605991,22476.0677992923,15743.5020363006,14619.2952526138,15243.5835799303,22744.7465372674,4996.79403993577,3921.15451559642,70839.3855482252,5645.3215855095,5786.73929098377,5238.20512644776,5938.15879371173,2331.27029104957,0,1648.45328114729,12069.1694893925,6552.54222140918,14541.8494111133,8362.27953088893
"rel_leopoldkanaal6",3072.76132999189,5869.76558552133,6776.8489497717,9215.27978117808,10522.3285947763,13002.1999002251,13884.979447794,8366.75739872651,10946.597860805,12953.7053141048,13767.8736338041,14899.2152775982,15930.5554655517,16996.2335666526,17986.1575049724,11727.7650218428,10462.1405326817,7655.1910035176,4731.10336115189,4289.70551256444,13234.8005975157,13376.21830299,43165.7254217242,10220.7294461697,12451.9982813794,1141.35151585141,2806.94952916331,541.391229625054,0,2648.39516632736,12529.452197682,13329.3911711807,14453.5979548677,15370.6831163717,241.419161314921,8200.99550255647,7535.31515001582,5969.6782185299,4362.57658859268,2531.24897832218,1065.63772708569,41858.6281593083,18979.0937268923,19644.7660046299,20286.1909893081,18237.6672863741,13929.4725794518,20827.614518145,14095.0487551533,12970.8419714665,13595.130298783,21096.2932561201,3348.34075878848,5569.6077967437,69190.932267078,3996.86830436221,4138.28600983648,3589.75184530047,4289.70551256444,682.817009902283,1648.45328114729,0,10420.7162082452,8200.99550255647,12893.396129966,6713.82624974164
"rel_leopoldkanaal3",12352.1179475828,15149.1222031123,16056.2055673626,18494.636398769,19801.6852123672,22281.556517816,23164.3360653849,17646.1140163174,20225.9544783959,22233.0619316957,23047.230251395,24178.5718951891,25209.9120831425,26275.5901842435,27265.5141225633,1307.04881359757,100.001455840655,2765.52520472758,5689.6128470933,6131.01069568074,2814.08438927056,2955.50209474483,32745.0092134789,199.986762075452,2255.55650228448,9279.36469239377,7613.76667908187,9879.32497862013,10420.7162082452,7913.74682219505,21808.8088152729,22608.7477887717,23732.9545724586,24650.0397339626,10403.5714760805,18621.7117108017,17956.031358261,16390.3944267751,14783.2927968379,12951.9651865674,11486.3539353309,31437.911951063,28258.4503444832,28924.1226222208,29565.547606899,27517.023903965,23208.8291970427,30106.9711357359,23374.4053727442,22250.1985890574,22874.4869163739,30375.649873711,7072.3754494567,15990.3240049889,58770.2160588328,7013.8225424623,7155.24024793629,6830.96436294471,6131.01069568074,9962.17362749321,12069.1694893925,10420.7162082452,0,18621.7117108017,2472.67992172084,3706.88995850354
"rel_leopoldkanaal5",11273.7568325484,14070.7610880778,14977.8444523282,17416.2752837346,18723.3240973328,21203.1954027815,22085.9749503504,16567.752901283,19147.5933633614,21154.7008166613,21968.8691363606,23100.2107801546,24131.5509681081,25197.2290692091,26187.1530075288,19928.7605243992,18663.1360352382,15856.1865060741,12932.0988637084,12490.7010151209,21435.7961000722,21577.2138055465,51366.7209242808,18421.7249487262,20652.9937839359,9342.34701840788,11007.9450317198,8742.38673218153,8200.99550255647,10849.3906688838,20730.4477002385,21530.3866737372,22654.5934574241,23571.6786189282,8383.83753246728,0,724.257483944762,2231.31728402657,3838.41891396379,5669.7465242343,7135.35777547078,50059.6236618648,27180.0892294487,27845.7615071864,28487.1864918646,26438.6627889305,22130.4680820083,29028.6100207014,22296.0442577097,21171.837474023,21796.1258013395,29297.2887586766,11549.336261345,5611.13709361774,77391.9277696342,12197.8638069187,12339.281512393,11790.7473478569,12490.7010151209,8883.81251245875,6552.54222140918,8200.99550255647,18621.7117108017,0,21094.3916325225,14914.8217522981
"rel_leopoldkanaal2",14824.7978693037,17621.8021248331,18528.8854890835,20967.3163204898,22274.3651340881,24754.2364395368,25637.0159871057,20118.7939380383,22698.6344001167,24705.7418534165,25519.9101731158,26651.2518169099,27682.5920048634,28748.2701059643,29738.1940442841,1165.63110812327,2431.2555972843,5238.20512644842,8162.29276881414,8603.69061740158,341.404467549718,482.822173023984,30272.3292917581,2672.66668379629,2738.38675011136,11752.0446141146,10086.4466008027,12352.004900341,12893.396129966,10386.4267439159,24281.4887369937,25081.4277104925,26205.6344941794,27122.7196556835,12876.2513978014,21094.3916325225,20428.7112799818,18863.0743484959,17255.9727185587,15424.6451082882,13959.0338570517,28965.2320293422,30731.130266204,31396.8025439416,32038.2275286198,29989.7038256858,25681.5091187636,32579.6510574567,25847.085294465,24722.8785107783,25347.1668380947,32848.3297954318,9545.05537117754,18463.0039267097,56297.5361371119,9486.50246418315,9627.92016965714,9303.64428466555,8603.69061740158,12434.8535492141,14541.8494111133,12893.396129966,2472.67992172084,21094.3916325225,0,6179.56988022438
"rel_leopoldkanaal4",8645.22798907927,11442.2322446087,12349.3156088591,14787.7464402655,16094.7952538637,18574.6665593125,19457.4461068814,13939.2240578139,16519.0645198924,18526.1719731922,19340.3402928915,20471.6819366855,21503.022124639,22568.70022574,23558.6241640598,5013.93877210111,3748.31428294008,941.364753775958,1982.72288858976,2424.1207371772,6520.9743477741,6662.39205324836,36451.8991719825,3506.90319642809,5738.17203163774,5572.47473389023,3906.87672057833,6172.43502011659,6713.82624974164,4206.85686369151,18101.9188567694,18901.8578302681,20026.064613955,20943.1497754591,6696.681517577,14914.8217522981,14249.1413997575,12683.5044682716,11076.4028383343,9245.07522806382,7779.46397682734,35144.8019095666,24551.5603859797,25217.2326637173,25858.6576483955,23810.1339454615,19501.9392385392,26400.0811772324,19667.5154142406,18543.3086305539,19167.5969578704,26668.7599152075,3365.48549095316,12283.4340464854,62477.1060173364,3306.93258395877,3448.35028943276,3124.07440444117,2424.1207371772,6255.28366898967,8362.27953088893,6713.82624974164,3706.88995850354,14914.8217522981,6179.56988022438,0
