"","gn-14","gn-13","gn-11","gn-10","gn-9","gn-7","gn-6","gn-5","gn-4","gn-3","gn-2","gn-1","bn-3","bn-2","bn-1","bn-Walem","ru-1","me-7-2b","s-9a","s-10a","ak-41","s-12","ws-53A","ws-borssele","ws-WN2","s-8","s-8a","s-9","ws-42A","ws-HW6","ws-18","ws-16","ws-12A","ws-15","ws-6","s-7","s-6","ws-55","ws-13","s-11","ws-PVTSS","ws-4","bpns-WZ","ws-F42","ws-25A","ws-25","ws-23","ws-A5","ws-A3","ws-A1","ws-15A","ws-TRAWL","ws-53","ws-11","ws-OGDL","ws-OG10","ws-2C","bpns-WENDUINEBANKW","bpns-Trapegeer","ws-W7","bpns-zbw2","s-4c","s-4b","s-4a","s-5","bpns-Nautica Ena","bpns-Sigurd Faulbaums","rel_grotenete1","NA"
"gn.14",0,2402.06796661835,6802.57816022017,7909.64021174218,10865.1665308946,20703.7555657798,24197.1541333229,31077.5598567806,35835.0929212896,40266.9166322362,42455.3276744349,42929.5774813765,44745.1978654566,47026.4956903958,51529.0645906903,56181.5912633295,63844.629732065,67319.3814630444,79844.783757442,87411.5093224329,87673.6366085645,102527.010254908,127171.207104733,152807.284392242,169352.601336923,74225.5002473481,74075.4980635876,79674.0734488639,127459.739869813,128468.938464377,144567.820141682,145648.472676853,147271.953947624,150339.641889311,150017.512078004,76537.4030219218,78456.5519178817,126706.967169848,151342.39804187,102094.184772403,150993.858714213,150336.766877361,189651.950105682,127608.292435395,146751.967298321,147272.646365728,148027.601659539,148932.547024908,149401.099477717,149890.364092745,149917.518696967,169258.305310018,127569.743122909,151599.516354572,167509.805978065,168244.753639966,151048.115252889,214601.578171265,242781.611124797,169024.081753381,190539.005651014,86502.5766372599,89192.4930256582,92560.2174505289,83729.8237121917,214700.879134199,231613.390501451,1077.79771022826,170.710308577227
"gn.13",2402.06796661835,0,4471.21500893726,5578.27706045928,8533.80337961173,18372.3924144969,21865.79098204,28746.1967054977,33503.7297700067,37935.5534809533,40123.964523152,40598.2143300936,42413.8347141737,44695.1325391129,49197.7014394074,53850.2281120466,61513.2665807821,64988.0183117615,77513.4206061592,85080.1461711501,85342.2734572816,100195.647103625,124839.84395345,150475.921240959,167021.23818564,71894.1370960652,71744.1349123047,77342.7102975811,125128.376718531,126137.575313094,142236.456990399,143317.10952557,144940.590796342,148008.278738029,147686.148926722,74206.0398706389,76125.1887665989,124375.604018566,149011.034890587,99762.8216211206,148662.49556293,148005.403726078,187320.586954399,125276.929284112,144420.604147038,144941.283214445,145696.238508256,146601.183873625,147069.736326434,147559.000941462,147586.155545684,166926.942158735,125238.379971626,149268.153203289,165178.442826782,165913.390488683,148716.752101606,212270.215019982,240450.247973514,166692.718602099,188207.642499731,84171.2134859771,86861.1298743754,90228.854299246,81398.4605609089,212369.515982916,229282.027350168,3479.86567684661,2572.77827519557
"gn.11",6802.57816022017,4471.21500893726,0,1107.06205152202,4062.58837067447,13901.1774055596,17394.5759731028,24274.9816965605,29032.5147610694,33464.3384720161,35652.7495142148,36126.9993211564,37942.6197052364,40223.9175301757,44726.4864304701,49379.0131031094,57042.0515718448,60516.8033028243,73042.205597222,80608.9311622129,80871.0584483445,95724.4320946877,120368.628944513,146004.706232022,162550.023176703,67422.9220871281,67272.9199033676,72871.4952886439,120657.161709593,121666.360304157,137765.241981462,138845.894516633,140469.375787405,143537.063729091,143214.933917784,69734.8248617018,71653.9737576617,119904.389009628,144539.81988165,95291.6066121834,144191.280553993,143534.188717141,182849.371945462,120805.714275175,139949.389138101,140470.068205508,141225.023499319,142129.968864688,142598.521317497,143087.785932525,143114.940536747,162455.727149798,120767.164962689,144796.938194352,160707.227817845,161442.175479746,144245.537092669,207799.000011045,235979.032964577,162221.503593162,183736.427490794,79699.9984770399,82389.9148654382,85757.6392903089,76927.2455519717,207898.300973979,224810.812341231,7880.37587044843,6973.2884687974
"gn.10",7909.64021174218,5578.27706045928,1107.06205152202,0,2955.52631915246,12794.1153540376,16287.5139215808,23167.9196450385,27925.4527095474,32357.2764204941,34545.6874626928,35019.9372696344,36835.5576537144,39116.8554786537,43619.4243789481,48271.9510515874,55934.9895203228,59409.7412513023,71935.1435457,79501.8691106909,79763.9963968224,94617.3700431657,119261.566892991,144897.6441805,161442.961125181,66315.860035606,66165.8578518455,71764.4332371219,119550.099658071,120559.298252635,136658.17992994,137738.832465111,139362.313735883,142430.00167757,142107.871866262,68627.7628101797,70546.9117061397,118797.326958106,143432.757830128,94184.5445606614,143084.218502471,142427.126665619,181742.30989394,119698.652223653,138842.327086579,139363.006153986,140117.961447797,141022.906813166,141491.459265975,141980.723881003,142007.878485225,161348.665098276,119660.102911167,143689.87614283,159600.165766323,160335.113428224,143138.475041147,206691.937959523,234871.970913055,161114.44154164,182629.365439272,78592.9364255179,81282.8528139162,84650.5772387868,75820.1835004497,206791.238922457,223703.750289709,8987.43792197045,8080.35052031941
"gn.9",10865.1665308946,8533.80337961173,4062.58837067447,2955.52631915246,0,9867.87760058709,13361.2761681303,20241.681891588,24999.2149560969,29431.0386670436,31619.4497092423,32093.6995161839,33909.3199002639,36190.6177252032,40693.1866254976,45345.7132981369,53008.7517668723,56483.5034978518,69008.9057922495,76575.6313572404,76837.758643372,91691.1322897153,116335.32913954,141971.40642705,158516.723371731,63389.6222821555,63239.620098395,68838.1954836714,116623.861904621,117633.060499184,133731.94217649,134812.59471166,136436.075982432,139503.763924119,139181.634112812,65701.5250567293,67620.6739526892,115871.089204656,140506.520076678,91258.3068072109,140157.980749021,139500.888912169,178816.072140489,116772.414470203,135916.089333128,136436.768400536,137191.723694347,138096.669059715,138565.221512524,139054.486127553,139081.640731774,158422.427344825,116733.865157716,140763.63838938,156673.928012873,157408.875674774,140212.237287697,203765.700206073,231945.733159604,158188.203788189,179703.127685822,75666.6986720674,78356.6150604657,81724.3394853364,72893.9457469992,203865.001169006,220777.512536259,11942.9642411229,11035.8768394719
"gn.7",20703.7555657798,18372.3924144969,13901.1774055596,12794.1153540376,9867.87760058709,0,3493.39856754317,10373.8042910009,15131.3373555099,19563.1610664565,21751.5721086553,22225.8219155969,24041.4422996769,26322.7401246161,30825.3090249106,35477.8356975498,43140.8741662852,46615.6258972647,59141.0281916625,66707.7537566534,66969.8810427849,81823.2546891282,106467.451538953,132103.528826463,148648.845771144,53521.7446815685,53371.742497808,58970.3178830844,106755.984304034,107765.182898597,123864.064575903,124944.717111073,126568.198381845,129635.886323532,129313.756512225,55833.6474561422,57752.7963521022,106003.211604069,130638.642476091,81390.4292066239,130290.103148434,129633.011311582,168948.194539903,106904.536869616,126048.211732542,126568.890799949,127323.84609376,128228.791459129,128697.343911938,129186.608526966,129213.763131188,148554.549744239,106865.987557129,130895.760788793,146806.050412286,147540.998074187,130344.35968711,193897.822605486,222077.855559018,148320.326187602,169835.250085235,65798.8210714804,68488.7374598787,71856.4618847493,63026.0681464122,193997.12356842,210909.634935672,21781.553276008,20874.465874357
"gn.6",24197.1541333229,21865.79098204,17394.5759731028,16287.5139215808,13361.2761681303,3493.39856754317,0,6880.40572345775,11637.9387879667,16069.7624989134,18258.1735411121,18732.4233480537,20548.0437321337,22829.341557073,27331.9104573674,31984.4371300066,39647.4755987421,43122.2273297215,55647.6296241193,63214.3551891102,63476.4824752418,78329.8561215851,102974.05297141,128610.13025892,145155.447203601,50028.3461140253,49878.3439302648,55476.9193155412,103262.585736491,104271.784331054,120370.66600836,121451.31854353,123074.799814302,126142.487755989,125820.357944682,52340.2488885991,54259.397784559,102509.813036526,127145.243908548,77897.0306390807,126796.704580891,126139.612744039,165454.79597236,103411.138302072,122554.813164998,123075.492232406,123830.447526217,124735.392891586,125203.945344395,125693.209959423,125720.364563644,145061.151176696,103372.588989586,127402.36222125,143312.651844743,144047.599506644,126850.961119567,190404.424037943,218584.456991475,144826.927620059,166341.851517692,62305.4225039372,64995.3388923355,68363.0633172062,59532.6695788691,190503.725000877,207416.236368129,25274.9518435512,24367.8644419001
"gn.5",31077.5598567806,28746.1967054977,24274.9816965605,23167.9196450385,20241.681891588,10373.8042910009,6880.40572345775,0,4757.53306450899,9189.35677545564,11377.7678176544,11852.017624596,13667.638008676,15948.9358336153,20451.5047339097,25104.0314065489,32767.0698752844,36241.8216062638,48767.2239006616,56333.9494656525,56596.0767517841,71449.4503981275,96093.6472479527,121729.724535462,138275.041480143,43147.9403905676,42997.9382068071,48596.5135920835,96382.1800130331,97391.3786075968,113490.260284902,114570.912820073,116194.394090845,119262.082032532,118939.952221225,45459.8431651413,47378.9920611013,95629.4073130682,120264.83818509,71016.6249156231,119916.298857433,119259.207020581,158574.390248902,96530.7325786149,115674.407441541,116195.086508948,116950.041802759,117854.987168128,118323.539620937,118812.804235965,118839.958840187,138180.745453238,96492.1832661284,120521.956497792,136432.246121285,137167.193783187,119970.55539611,183524.018314485,211704.051268017,137946.521896602,159461.445794234,55425.0167804795,58114.9331688778,61482.6575937486,52652.2638554113,183623.319277419,200535.830644671,32155.3575670089,31248.2701653578
"gn.4",35835.0929212896,33503.7297700067,29032.5147610694,27925.4527095474,24999.2149560969,15131.3373555099,11637.9387879667,4757.53306450899,0,4431.82371094665,6620.23475314538,7094.48456008699,8910.10494416703,11191.4027691063,15693.9716694008,20346.49834204,28009.5368107754,31484.2885417549,44009.6908361526,51576.4164011436,51838.5436872751,66691.9173336186,91336.1141834438,116972.191470953,133517.508415635,38390.4073260586,38240.4051422981,43838.9805275745,91624.6469485242,92633.8455430878,108732.727220393,109813.379755564,111436.861026336,114504.548968023,114182.419156716,40702.3101006324,42621.4589965923,90871.8742485593,115507.305120581,66259.0918511142,115158.765792924,114501.673956072,153816.857184393,91773.1995141059,110916.874377032,111437.553444439,112192.50873825,113097.454103619,113566.006556428,114055.271171456,114082.425775678,133423.212388729,91734.6502016195,115764.423433283,131674.713056776,132409.660718678,115213.022331601,178766.485249977,206946.518203508,133188.988832093,154703.912729725,50667.4837159705,53357.4001043688,56725.1245292396,47894.7307909024,178865.78621291,195778.297580163,36912.8906315178,36005.8032298668
"gn.3",40266.9166322362,37935.5534809533,33464.3384720161,32357.2764204941,29431.0386670436,19563.1610664565,16069.7624989134,9189.35677545564,4431.82371094665,0,2246.98817360282,2721.23798054442,4536.85836462446,6818.15618956371,11320.7250898582,15973.2517624975,23636.2902312329,27111.0419622123,39636.4442566101,47203.169821601,47465.2971077326,62318.6707540761,86962.8676039013,112598.944891411,129144.261836092,34017.1607465161,33867.1585627556,39465.733948032,87251.4003689817,88260.5989635453,104359.480640851,105440.133176021,107063.614446793,110131.30238848,109809.172577173,36329.0635210898,38248.2124170498,86498.6276690168,111134.058541039,61885.8452715717,110785.519213382,110128.42737653,149443.610604851,87399.9529345635,106543.627797489,107064.306864897,107819.262158708,108724.207524077,109192.759976886,109682.024591914,109709.179196135,129049.965809187,87361.403622077,111391.176853741,127301.466477234,128036.414139135,110839.775752058,174393.238670434,202573.271623966,128815.742252551,150330.666150183,46294.237136428,48984.1535248263,52351.8779496971,43521.4842113598,174492.539633368,191405.05100062,41344.7143424644,40437.6269408134
"gn.2",42455.3276744349,40123.964523152,35652.7495142148,34545.6874626928,31619.4497092423,21751.5721086553,18258.1735411121,11377.7678176544,6620.23475314538,2246.98817360282,0,474.249806941603,2289.87019102164,4571.1680159609,9073.73691625536,13726.2635888946,21389.3020576301,24864.0537886095,37389.4560830073,44956.1816479982,45218.3089341298,60071.6825804733,84715.8794302986,110351.956717808,126897.273662489,31770.1725729133,31620.1703891528,37218.7457744292,85004.412195379,86013.6107899426,102112.492467248,103193.145002419,104816.62627319,107884.314214878,107562.18440357,34082.0753474871,36001.224243447,84251.639495414,108887.070367436,59638.8570979689,108538.531039779,107881.439202927,147196.622431248,85152.9647609607,104296.639623887,104817.318691294,105572.273985105,106477.219350474,106945.771803283,107435.036418311,107462.191022533,126802.977635584,85114.4154484742,109144.188680138,125054.478303631,125789.425965532,108592.787578455,172146.250496832,200326.283450363,126568.754078948,148083.67797658,44047.2489628252,46737.1653512235,50104.8897760943,41274.4960377571,172245.551459765,189158.062827018,43533.1253846632,42626.0379830121
"gn.1",42929.5774813765,40598.2143300936,36126.9993211564,35019.9372696344,32093.6995161839,22225.8219155969,18732.4233480537,11852.017624596,7094.48456008699,2721.23798054442,474.249806941603,0,1815.62038408007,4096.91820901933,8599.48710931379,13252.0137819531,20915.0522506885,24389.803981668,36915.2062760657,44481.9318410567,44744.0591271882,59597.4327735317,84241.629623357,109877.706910867,126423.023855548,31295.9227659717,31145.9205822112,36744.4959674877,84530.1623884374,85539.360983001,101638.242660306,102718.895195477,104342.376466249,107410.064407936,107087.934596629,33607.8255405455,35526.9744365054,83777.3896884725,108412.820560494,59164.6072910273,108064.281232838,107407.189395985,146722.372624307,84678.7149540191,103822.389816945,104343.068884352,105098.024178164,106002.969543532,106471.521996341,106960.78661137,106987.941215591,126328.727828643,84640.1656415327,108669.938873196,124580.22849669,125315.176158591,108118.537771514,171672.00068989,199852.033643422,126094.504272006,147609.428169639,43572.9991558836,46262.9155442819,49630.6399691527,40800.2462308155,171771.301652824,188683.813020076,44007.3751916048,43100.2877899537
"bn.3",44745.1978654566,42413.8347141737,37942.6197052364,36835.5576537144,33909.3199002639,24041.4422996769,20548.0437321337,13667.638008676,8910.10494416703,4536.85836462446,2289.87019102164,1815.62038408007,0,2281.29782493926,6783.86672523372,11436.393397873,19099.4318666085,22574.1835975879,35099.5858919857,42666.3114569766,42928.4387431082,57781.8123894516,82426.0092392769,108062.086526787,124607.403471468,29480.3023818917,29330.3001981312,34928.8755834076,82714.5420043573,83723.740598921,99822.6222762263,100903.274811397,102526.756082169,105594.444023856,105272.314212549,31792.2051564654,33711.3540524254,81961.7693043924,106597.200176414,57348.9869069473,106248.660848758,105591.569011905,144906.752240227,82863.0945699391,102006.769432865,102527.448500272,103282.403794084,104187.349159452,104655.901612261,105145.166227289,105172.320831511,124513.107444563,82824.5452574526,106854.318489116,122764.60811261,123499.555774511,106302.917387434,169856.38030581,198036.413259342,124278.883887926,145793.807785559,41757.3787718036,44447.2951602019,47815.0195850726,38984.6258467354,169955.681268744,186868.192635996,45822.9955756848,44915.9081740338
"bn.2",47026.4956903958,44695.1325391129,40223.9175301757,39116.8554786537,36190.6177252032,26322.7401246161,22829.341557073,15948.9358336153,11191.4027691063,6818.15618956371,4571.1680159609,4096.91820901933,2281.29782493926,0,4502.56890029446,9155.09557293373,16818.1340416692,20292.8857726487,32818.2880670464,40385.0136320373,40647.1409181689,55500.5145645124,80144.7114143377,105780.788701847,122326.105646528,27199.0045569524,27049.0023731919,32647.5777584683,80433.2441794181,81442.4427739817,97541.3244512871,98621.9769864578,100245.45825723,103313.146198917,102991.01638761,29510.9073315262,31430.0562274861,79680.4714794532,104315.902351475,55067.689082008,103967.363023818,103310.271186966,142625.454415288,80581.7967449998,99725.4716079258,100246.150675333,101001.105969144,101906.051334513,102374.603787322,102863.86840235,102891.023006572,122231.809619623,80543.2474325134,104573.020664177,120483.31028767,121218.257949572,104021.619562495,167575.082480871,195755.115434403,121997.586062987,143512.50996062,39476.0809468643,42165.9973352626,45533.7217601334,36703.3280217962,167674.383443805,184586.894811057,48104.293400624,47197.205998973
"bn.1",51529.0645906903,49197.7014394074,44726.4864304701,43619.4243789481,40693.1866254976,30825.3090249106,27331.9104573674,20451.5047339097,15693.9716694008,11320.7250898582,9073.73691625536,8599.48710931379,6783.86672523372,4502.56890029446,0,4652.52667263955,12315.565141375,15790.3168723545,28315.7191667523,35882.4447317432,36144.5720178748,50997.9456642183,75642.1425140436,101278.219801553,117823.536746234,22696.4356566583,22546.4334728978,28145.0088581742,75930.675279124,76939.8738736877,93038.755550993,94119.4080861637,95742.8893569355,98810.5772986226,98488.4474873155,25008.338431232,26927.487327192,75177.9025791591,99813.333451181,50565.1201817139,99464.7941235242,98807.702286672,138122.885514994,76079.2278447058,95222.9027076317,95743.5817750388,96498.5370688503,97403.4824342189,97872.0348870279,98361.2995020562,98388.4541062778,117729.240719329,76040.6785322193,100070.451763883,115980.741387376,116715.689049277,99519.0506622005,163072.513580577,191252.546534109,117495.017162693,139009.941060326,34973.5120465702,37663.4284349685,41031.1528598393,32200.759121502,163171.814543511,180084.325910763,52606.8623009185,51699.7748992674
"bn.Walem",56181.5912633295,53850.2281120466,49379.0131031094,48271.9510515874,45345.7132981369,35477.8356975498,31984.4371300066,25104.0314065489,20346.49834204,15973.2517624975,13726.2635888946,13252.0137819531,11436.393397873,9155.09557293373,4652.52667263955,0,7663.03846873551,11137.790199715,23663.1924941128,31229.9180591038,31492.0453452353,46345.4189915788,70989.6158414042,96625.6931289138,113171.010073595,18043.9089840188,17893.9068002583,23492.4821855347,71278.1486064846,72287.3472010482,88386.2288783536,89466.8814135243,91090.3626842961,94158.0506259832,93835.9208146761,20355.8117585925,22274.9606545525,70525.3759065197,95160.8067785415,45912.5935090744,94812.2674508848,94155.1756140326,133470.358842354,71426.7011720663,90570.3760349923,91091.0551023994,91846.0103962109,92750.9557615795,93219.5082143884,93708.7728294168,93735.9274336383,113076.71404669,71388.1518595799,95417.9250912435,111328.214714737,112063.162376638,94866.5239895611,158419.986907938,186600.019861469,112842.490490054,134357.414387687,30320.9853739307,33010.901762329,36378.6261871998,27548.2324488625,158519.287870871,175431.799238124,57259.3889735577,56352.3015719066
"ru.1",63844.629732065,61513.2665807821,57042.0515718448,55934.9895203228,53008.7517668723,43140.8741662852,39647.4755987421,32767.0698752844,28009.5368107754,23636.2902312329,21389.3020576301,20915.0522506885,19099.4318666085,16818.1340416692,12315.565141375,7663.03846873551,0,3474.75173097947,16000.1540253773,23566.8795903683,23829.0068764999,38682.3805228433,63326.5773726688,88962.6546601784,105507.97160486,10380.8705152833,10230.8683315228,15829.4437167993,63615.1101377492,64624.3087323128,80723.1904096182,81803.8429447889,83427.3242155607,86495.0121572478,86172.8823459407,12692.7732898571,14611.922185817,62862.3374377843,87497.7683098062,38249.5550403389,87149.2289821494,86492.1371452972,125807.320373619,63763.6627033309,82907.3375662569,83428.016633664,84182.9719274755,85087.9172928441,85556.469745653,86045.7343606814,86072.8889649029,105413.675577954,63725.1133908445,87754.8866225081,103665.176246002,104400.123907903,87203.4855208257,150756.948439203,178936.981392734,105179.452021318,126694.375918951,22657.9469051953,25347.8632935936,28715.5877184643,19885.1939801271,150856.249402136,167768.760769389,64922.4274422931,64015.3400406421
"me.7.2b",67319.3814630444,64988.0183117615,60516.8033028243,59409.7412513023,56483.5034978518,46615.6258972647,43122.2273297215,36241.8216062638,31484.2885417549,27111.0419622123,24864.0537886095,24389.803981668,22574.1835975879,20292.8857726487,15790.3168723545,11137.790199715,3474.75173097947,0,12525.4022943979,20092.1278593889,20354.2551455204,35207.6287918639,59851.8256416894,85487.902929199,102033.21987388,6906.11878430383,6756.11660054331,12354.6919858198,60140.3584067698,61149.5570013334,77248.4386786388,78329.0912138094,79952.5724845813,83020.2604262683,82698.1306149613,9218.02155887758,11137.1704548375,59387.5857068049,84023.0165788267,34774.8033093595,83674.47725117,83017.3854143178,122332.56864264,60288.9109723515,79432.5858352775,79953.2649026846,80708.220196496,81613.1655618646,82081.7180146736,82570.9826297019,82598.1372339235,101938.923846975,60250.3616598651,84280.1348915287,100190.424515022,100925.372176923,83728.7337898463,147282.196708223,175462.229661755,101704.700290339,123219.624187972,19183.1951742158,21873.1115626141,25240.8359874849,16410.4422491477,147381.497671157,164294.009038409,68397.1791732726,67490.0917716215
"s.9a",79844.783757442,77513.4206061592,73042.205597222,71935.1435457,69008.9057922495,59141.0281916625,55647.6296241193,48767.2239006616,44009.6908361526,39636.4442566101,37389.4560830073,36915.2062760657,35099.5858919857,32818.2880670464,28315.7191667523,23663.1924941128,16000.1540253773,12525.4022943979,0,7566.72556499104,7828.85285112259,22682.2264974661,47326.4233472916,72962.5006348013,89507.8175794826,5619.28351009401,5769.28569385453,170.710308578076,47614.956112372,48624.1547069356,64723.0363842412,65803.6889194118,67427.1701901837,70494.8581318707,70172.7283205636,13400.9541216272,15320.1030175871,46862.1834124071,71497.6142844291,22249.4010149617,71149.0749567724,70491.9831199202,109807.166348242,47763.5086779537,66907.1835408799,67427.862608287,68182.8179020984,69087.763267467,69556.315720276,70045.5803353043,70072.7349395259,89413.5215525774,47724.9593654673,71754.7325971311,87665.0222206245,88399.9698825256,71203.3314954487,134756.794413826,162936.827367358,89179.2979959411,110694.221893574,23366.1277369654,26056.0441253637,29423.7685502345,20593.3748118973,134856.09537676,151768.606744012,80922.5814676702,80015.4940660191
"s.10a",87411.5093224329,85080.1461711501,80608.9311622129,79501.8691106909,76575.6313572404,66707.7537566534,63214.3551891102,56333.9494656525,51576.4164011436,47203.169821601,44956.1816479982,44481.9318410567,42666.3114569766,40385.0136320373,35882.4447317432,31229.9180591038,23566.8795903683,20092.1278593889,7566.72556499104,0,262.127286131549,15115.5009324751,39759.6977823006,65395.7750698104,81941.0920144917,13186.0090750851,13336.0112588456,7737.43587356911,40048.230547381,41057.4291419447,57156.3108192502,58236.9633544208,59860.4446251927,62928.1325668798,62606.0027555727,20967.6796866182,22886.8285825781,39295.4578474161,63930.8887194382,14682.6754499707,63582.3493917814,62925.2575549292,102240.440783251,40196.7831129628,59340.4579758889,59861.137043296,60616.0923371074,61521.0377024761,61989.590155285,62478.8547703134,62506.0093745349,81846.7959875865,40158.2338004763,64188.0070321402,80098.2966556336,80833.2443175347,63636.6059304577,127190.068848835,155370.101802367,81612.5724309502,103127.496328583,30932.8533019564,33622.7696903547,36990.4941152255,28160.1003768882,127289.369811769,144201.881179021,88489.3070326611,87582.21963101
"ak.41",87673.6366085645,85342.2734572816,80871.0584483445,79763.9963968224,76837.758643372,66969.8810427849,63476.4824752418,56596.0767517841,51838.5436872751,47465.2971077326,45218.3089341298,44744.0591271882,42928.4387431082,40647.1409181689,36144.5720178748,31492.0453452353,23829.0068764999,20354.2551455204,7828.85285112259,262.127286131549,0,14853.3736463436,39497.5704961691,65133.6477836789,81678.9647283602,13448.1363612166,13598.1385449771,7999.56315970066,39786.1032612495,40795.3018558131,56894.1835331187,57974.8360682893,59598.3173390612,62666.0052807482,62343.8754694411,21229.8069727498,23148.9558687097,39033.3305612846,63668.7614333067,14420.5481638392,63320.2221056499,62663.1302687977,101978.31349712,39934.6558268312,59078.3306897574,59599.0097571645,60353.9650509759,61258.9104163445,61727.4628691535,62216.7274841819,62243.8820884034,81584.668701455,39896.1065143448,63925.8797460087,79836.1693695021,80571.1170314032,63374.4786443262,126927.941562703,155107.974516235,81350.4451448187,102865.369042452,31194.980588088,33884.8969764862,37252.621401357,28422.2276630198,127027.242525637,143939.753892889,88751.4343187926,87844.3469171416
"s.12",102527.010254908,100195.647103625,95724.4320946877,94617.3700431657,91691.1322897153,81823.2546891282,78329.8561215851,71449.4503981275,66691.9173336186,62318.6707540761,60071.6825804733,59597.4327735317,57781.8123894516,55500.5145645124,50997.9456642183,46345.4189915788,38682.3805228433,35207.6287918639,22682.2264974661,15115.5009324751,14853.3736463436,0,24997.7451509133,50633.8224384231,67179.1393831044,28301.5100075601,28451.5121913206,22852.9368060442,25286.2779159937,26295.4765105573,42394.3581878628,43475.0107230335,45098.4919938054,48166.1799354924,47844.0501241853,36083.1806190932,38002.3295150531,24533.5052160288,49168.9360880508,815.670424097647,48820.3967603941,48163.3049235419,87478.488151864,25434.8304815754,44578.5053445016,45099.1844119087,45854.1397057201,46759.0850710887,47227.6375238977,47716.902138926,47744.0567431476,67084.8433561992,25396.281169089,49426.0544007528,65336.3440242464,66071.2916861475,48874.6532990704,112428.116217448,140608.14917098,66850.619799563,88365.5436971961,46048.3542344314,48738.2706228297,52105.9950477005,43275.6013093632,112527.417180382,129439.928547634,103604.807965136,102697.720563485
"ws.53A",127171.207104733,124839.84395345,120368.628944513,119261.566892991,116335.32913954,106467.451538953,102974.05297141,96093.6472479527,91336.1141834438,86962.8676039013,84715.8794302986,84241.629623357,82426.0092392769,80144.7114143377,75642.1425140436,70989.6158414042,63326.5773726688,59851.8256416894,47326.4233472916,39759.6977823006,39497.5704961691,24997.7451509133,0,26050.320531875,42595.6374765563,52945.7068573856,53095.7090411461,47497.1336558697,1403.55955001182,2732.87107904449,17810.8562813147,18891.5088164854,20514.9900872573,23582.6780289443,23260.5482176372,60727.3774689188,62646.5263648787,1020.72268322411,24585.4341815028,25459.8672739232,24236.894853846,23579.8030169938,62894.986245316,2044.98453468908,19995.0034379535,20515.6825053606,21270.637799172,22175.5831645406,22644.1356173496,23133.4002323779,23160.5548365995,42501.3414496511,662.133109493977,24842.5524942048,40752.8421176982,41487.7897795994,24291.1513925223,87844.6143108998,116024.647264432,42267.1178930149,63782.0417906481,70692.551084257,73382.4674726553,76750.191897526,67919.7981591888,87943.9152738337,104856.426641086,128249.004814961,127341.91741331
"ws.borssele",152807.284392242,150475.921240959,146004.706232022,144897.6441805,141971.40642705,132103.528826463,128610.13025892,121729.724535462,116972.191470953,112598.944891411,110351.956717808,109877.706910867,108062.086526787,105780.788701847,101278.219801553,96625.6931289138,88962.6546601784,85487.902929199,72962.5006348013,65395.7750698104,65133.6477836789,50633.8224384231,26050.320531875,0,17106.0030175569,78581.7841448955,78731.786328656,73133.2109433797,26838.8202021438,26948.0783673676,12339.1844312059,11130.0555981858,9110.29761370959,5103.61341611697,4781.39478197724,86363.4547564287,88282.6036523886,26100.3172223945,2782.87180696529,51095.9445614331,3424.29679164255,4110.67719419581,39228.022061524,27187.3595298006,10965.8967414476,10808.8162211988,10086.0648790543,9301.18916246247,8169.84751866968,7088.50660279853,6022.82850169843,16597.4637462867,26148.8764069374,2262.15640294445,14848.9644143337,15583.9120762349,1993.47766496797,64177.6501271078,92357.6830806404,18434.4564114757,40115.0776068561,96328.6283717669,99018.5447601652,102386.269185036,93555.8754466987,64276.9510900417,81189.4624572942,153885.08210247,152977.994700819
"ws.WN2",169352.601336923,167021.23818564,162550.023176703,161442.961125181,158516.723371731,148648.845771144,145155.447203601,138275.041480143,133517.508415635,129144.261836092,126897.273662489,126423.023855548,124607.403471468,122326.105646528,117823.536746234,113171.010073595,105507.97160486,102033.21987388,89507.8175794826,81941.0920144917,81678.9647283602,67179.1393831044,42595.6374765563,17106.0030175569,0,95127.1010895771,95277.1032733376,89678.5278880612,43384.1371468252,43493.3953120489,28181.5757990387,26562.4070461919,23986.1663133797,19012.9594476121,19335.0892589192,102908.77170111,104827.92059707,42645.6341670758,18010.2032950536,67641.2615061146,18358.7426227104,19015.8344595626,22122.0190439675,43732.6764744819,25666.0340469056,25186.7793039357,24141.8537390681,22946.9381026446,21815.5964588502,20704.966977275,19932.174533195,1327.80538723145,42694.1933516187,17753.0849823517,5449.62697080237,6587.52006643609,18304.4860840343,47071.6471095517,75251.6800630843,2207.11036497979,23009.0745893001,112873.945316448,115563.861704847,118931.586129717,110101.19239138,47170.9480724856,64083.459439738,170430.399047152,169523.311645501
"s.8",74225.5002473481,71894.1370960652,67422.9220871281,66315.860035606,63389.6222821555,53521.7446815685,50028.3461140253,43147.9403905676,38390.4073260586,34017.1607465161,31770.1725729133,31295.9227659717,29480.3023818917,27199.0045569524,22696.4356566583,18043.9089840188,10380.8705152833,6906.11878430383,5619.28351009401,13186.0090750851,13448.1363612166,28301.5100075601,52945.7068573856,78581.7841448955,95127.1010895771,0,150.002183760516,5448.57320151594,53234.239622466,54243.4382170297,70342.3198943351,71422.9724295058,73046.4537002776,76114.1416419647,75792.0118306576,7781.67061153317,9700.81950749313,52481.4669225011,77116.8977945231,27868.6845250557,76768.3584668663,76111.2666300141,115426.449858336,53382.7921880478,72526.4670509738,73047.1461183809,73802.1014121924,74707.046777561,75175.5992303699,75664.8638453983,75692.0184496198,95032.8050626713,53344.2428755613,77374.016107225,93284.3057307184,94019.2533926196,76822.6150055426,140376.07792392,168556.110877452,94798.5815060351,116313.505403668,17746.8442268714,20436.7606152697,23804.4850401405,14974.0913018032,140475.378886854,157387.890254106,75303.2979575762,74396.2105559252
"s.8a",74075.4980635876,71744.1349123047,67272.9199033676,66165.8578518455,63239.620098395,53371.742497808,49878.3439302648,42997.9382068071,38240.4051422981,33867.1585627556,31620.1703891528,31145.9205822112,29330.3001981312,27049.0023731919,22546.4334728978,17893.9068002583,10230.8683315228,6756.11660054331,5769.28569385453,13336.0112588456,13598.1385449771,28451.5121913206,53095.7090411461,78731.786328656,95277.1032733376,150.002183760516,0,5598.57538527645,53384.2418062265,54393.4404007902,70492.3220780956,71572.9746132663,73196.4558840381,76264.1438257252,75942.0140144181,7631.66842777265,9550.81732373262,52631.4691062616,77266.8999782836,28018.6867088162,76918.3606506268,76261.2688137746,115576.452042097,53532.7943718083,72676.4692347344,73197.1483021414,73952.1035959529,74857.0489613215,75325.6014141305,75814.8660291588,75842.0206333804,95182.8072464318,53494.2450593218,77524.0182909856,93434.3079144789,94169.2555763801,76972.6171893031,140526.08010768,168706.113061212,94948.5836897956,116463.507587429,17596.8420431109,20286.7584315092,23654.48285638,14824.0891180427,140625.381070614,157537.892437866,75153.2957738157,74246.2083721647
"s.9",79674.0734488639,77342.7102975811,72871.4952886439,71764.4332371219,68838.1954836714,58970.3178830844,55476.9193155412,48596.5135920835,43838.9805275745,39465.733948032,37218.7457744292,36744.4959674877,34928.8755834076,32647.5777584683,28145.0088581742,23492.4821855347,15829.4437167993,12354.6919858198,170.710308578076,7737.43587356911,7999.56315970066,22852.9368060442,47497.1336558697,73133.2109433797,89678.5278880612,5448.57320151594,5598.57538527645,0,47785.6664209501,48794.8650155137,64893.7466928192,65974.3992279899,67597.8804987617,70665.5684404488,70343.4386291417,13230.2438130491,15149.3927090091,47032.8937209852,71668.3245930072,22420.1113235398,71319.7852653504,70662.6934284982,109977.87665682,47934.2189865318,67077.8938494579,67598.572916865,68353.5282106765,69258.4735760451,69727.0260288541,70216.2906438824,70243.445248104,89584.2318611554,47895.6696740454,71925.4429057092,87835.7325292025,88570.6801911037,71374.0418040267,134927.504722404,163107.537675936,89350.0083045192,110864.932202152,23195.4174283874,25885.3338167857,29253.0582416564,20422.6645033192,135026.805685338,151939.31705259,80751.8711590921,79844.7837574411
"ws.42A",127459.739869813,125128.376718531,120657.161709593,119550.099658071,116623.861904621,106755.984304034,103262.585736491,96382.1800130331,91624.6469485242,87251.4003689817,85004.412195379,84530.1623884374,82714.5420043573,80433.2441794181,75930.675279124,71278.1486064846,63615.1101377492,60140.3584067698,47614.956112372,40048.230547381,39786.1032612495,25286.2779159937,1403.55955001182,26838.8202021438,43384.1371468252,53234.239622466,53384.2418062265,47785.6664209501,0,1536.39277719929,18599.3559515836,19680.0084867542,21303.4897575261,24371.1776992131,24049.047887906,61015.9102339992,62935.0591299591,2382.86598360267,25373.9338517716,25748.4000390036,25025.3945241148,24368.3026872626,63683.4859155848,641.424984677267,20783.5031082223,21304.1821756294,22059.1374694408,22964.0828348094,23432.6352876184,23921.8999026467,23949.0545068683,43289.84111992,865.67518941821,25631.0521644736,41541.341787967,42276.2894498682,25079.6510627911,88633.1139811686,116813.146934701,43055.6175632837,64570.541460917,70981.0838493374,73671.0002377356,77038.7246626064,68208.3309242692,88732.4149441025,105644.926311355,128537.537580042,127630.450178391
"ws.HW6",128468.938464377,126137.575313094,121666.360304157,120559.298252635,117633.060499184,107765.182898597,104271.784331054,97391.3786075968,92633.8455430878,88260.5989635453,86013.6107899426,85539.360983001,83723.740598921,81442.4427739817,76939.8738736877,72287.3472010482,64624.3087323128,61149.5570013334,48624.1547069356,41057.4291419447,40795.3018558131,26295.4765105573,2732.87107904449,26948.0783673676,43493.3953120489,54243.4382170297,54393.4404007902,48794.8650155137,1536.39277719929,0,18708.614116808,19789.2666519787,21412.7479227498,24480.4358644369,24158.3060531298,62025.1088285627,63944.2577245226,3753.5937622686,25483.1920169953,26757.5986335672,25134.6526893385,24477.5608524863,63792.7440808085,977.800291789516,20892.7612734467,21413.4403408537,22168.3956346646,23073.3410000332,23541.8934528421,24031.1580678705,24058.312672092,43399.0992851436,2070.73796955051,25740.3103296973,41650.5999531907,42385.5476150919,25188.9092280148,88742.3721463923,116922.405099925,43164.8757285074,64679.7996261407,71990.2824439009,74680.1988322992,78047.9232571699,69217.5295188327,88841.6731093262,105754.184476579,129546.736174605,128639.648772954
"ws.18",144567.820141682,142236.456990399,137765.241981462,136658.17992994,133731.94217649,123864.064575903,120370.66600836,113490.260284902,108732.727220393,104359.480640851,102112.492467248,101638.242660306,99822.6222762263,97541.3244512871,93038.755550993,88386.2288783536,80723.1904096182,77248.4386786388,64723.0363842412,57156.3108192502,56894.1835331187,42394.3581878628,17810.8562813147,12339.1844312059,28181.5757990387,70342.3198943351,70492.3220780956,64893.7466928192,18599.3559515836,18708.614116808,0,1619.16875284678,4195.40948565916,9168.61635142715,8846.48654012063,78123.9905058683,80043.1394018283,17860.8529718342,10171.3725039872,42856.4803108727,9822.83317633002,9165.74133947758,48480.9245677983,18947.8952792407,2515.54175213307,2994.796495103,4039.72205997064,5234.63769639414,6365.97934018854,7476.60882176382,8249.40126584406,28087.2797721335,17909.4121563771,10428.4908166895,26338.780440182,27073.7281020832,10345.706766238,73430.5526333821,101610.585586915,27853.0562154972,49367.9801131304,88089.1641212065,90779.0805096048,94146.8049344756,85316.4111961383,73529.853596316,90442.3649635684,145645.61785191,144738.530450259
"ws.16",145648.472676853,143317.10952557,138845.894516633,137738.832465111,134812.59471166,124944.717111073,121451.31854353,114570.912820073,109813.379755564,105440.133176021,103193.145002419,102718.895195477,100903.274811397,98621.9769864578,94119.4080861637,89466.8814135243,81803.8429447889,78329.0912138094,65803.6889194118,58236.9633544208,57974.8360682893,43475.0107230335,18891.5088164854,11130.0555981858,26562.4070461919,71422.9724295058,71572.9746132663,65974.3992279899,19680.0084867542,19789.2666519787,1619.16875284678,0,2576.24073281238,7549.44759858037,7227.31778727385,79204.6430410391,81123.7919369991,18941.5055070049,8552.20375114038,43937.1328460435,8203.66442348324,7546.5725866308,46861.7558149515,20028.5478144113,1103.4946214682,1624.17368887529,2420.55330712389,3615.4689435474,4746.8105873418,5857.44006891707,6630.23251299728,26468.1110192868,18990.0646915478,8867.89919524652,24719.6116873352,25454.5593492364,9136.57793321782,71811.3838805354,99991.4168340679,26233.8874626505,47748.8113602837,89169.8166563773,91859.7330447756,95227.4574696464,86397.0637313091,71910.6848434692,88823.1962107217,146726.270387081,145819.18298543
"ws.12A",147271.953947624,144940.590796342,140469.375787405,139362.313735883,136436.075982432,126568.198381845,123074.799814302,116194.394090845,111436.861026336,107063.614446793,104816.62627319,104342.376466249,102526.756082169,100245.45825723,95742.8893569355,91090.3626842961,83427.3242155607,79952.5724845813,67427.1701901837,59860.4446251927,59598.3173390612,45098.4919938054,20514.9900872573,9110.29761370959,23986.1663133797,73046.4537002776,73196.4558840381,67597.8804987617,21303.4897575261,21412.7479227498,4195.40948565916,2576.24073281238,0,4973.20686576799,4651.07705446148,80828.124311811,82747.273207771,20564.9867777767,6327.42580675085,45560.6141168154,5686.00082207467,4999.62041952033,44285.5150821393,21652.0290851828,1855.59912773799,1698.51860748999,1224.26476314722,1660.59307728344,2170.56985452952,3281.19933610479,4053.9917801849,23891.8702864745,20613.5459623196,6848.14121077032,22143.3709545229,22878.318616424,7116.81994874162,69235.1431477231,97415.1761012556,23657.6467298382,45172.5706274714,90793.2979271492,93483.2143155475,96850.9387404183,88020.545002081,69334.4441106569,86246.9554779094,148349.751657853,147442.664256202
"ws.15",150339.641889311,148008.278738029,143537.063729091,142430.00167757,139503.763924119,129635.886323532,126142.487755989,119262.082032532,114504.548968023,110131.30238848,107884.314214878,107410.064407936,105594.444023856,103313.146198917,98810.5772986226,94158.0506259832,86495.0121572478,83020.2604262683,70494.8581318707,62928.1325668798,62666.0052807482,48166.1799354924,23582.6780289443,5103.61341611697,19012.9594476121,76114.1416419647,76264.1438257252,70665.5684404488,24371.1776992131,24480.4358644369,9168.61635142715,7549.44759858037,4973.20686576799,0,777.797380108176,83895.8122534981,85814.961149458,23632.6747194639,2320.74160915169,48628.3020585025,1720.73287410784,1407.09871825455,39312.3082163716,24719.71702687,6653.07459929456,6173.8198563248,5128.89429145723,4197.57574635097,3066.23410255626,1984.89318668265,919.215085583101,18918.6634207069,23681.2339040068,2841.45701317252,17170.1640887549,17905.1117506561,3689.96324601656,64261.9362819554,92441.9692354879,18684.4398640706,40199.3637617037,93860.9858688363,96550.9022572346,99918.6266821054,91088.2329437681,64361.2372448893,81273.7486121417,151417.43959954,150510.352197889
"ws.6",150017.512078004,147686.148926722,143214.933917784,142107.871866262,139181.634112812,129313.756512225,125820.357944682,118939.952221225,114182.419156716,109809.172577173,107562.18440357,107087.934596629,105272.314212549,102991.01638761,98488.4474873155,93835.9208146761,86172.8823459407,82698.1306149613,70172.7283205636,62606.0027555727,62343.8754694411,47844.0501241853,23260.5482176372,4781.39478197724,19335.0892589192,75792.0118306576,75942.0140144181,70343.4386291417,24049.047887906,24158.3060531298,8846.48654012063,7227.31778727385,4651.07705446148,777.797380108176,0,83573.682442191,85492.831338151,23310.5449081567,1998.52297501195,48306.1722471954,1357.09799033469,670.717587781432,39634.4380276787,24397.5872155629,6330.94478798804,6027.4214392297,5304.67009708308,4519.79438048633,3388.45273669245,2307.11182082129,1241.43371972119,19240.793232014,23359.1040926997,2519.23837903279,17492.2939000615,18227.2415619626,2912.16586591002,64584.0660932625,92764.099046795,19006.5696753777,40521.4935730109,93538.8560575292,96228.7724459275,99596.4968707983,90766.103132461,64683.3670561964,81595.8784234488,151095.309788233,150188.222386582
"s.7",76537.4030219218,74206.0398706389,69734.8248617018,68627.7628101797,65701.5250567293,55833.6474561422,52340.2488885991,45459.8431651413,40702.3101006324,36329.0635210898,34082.0753474871,33607.8255405455,31792.2051564654,29510.9073315262,25008.338431232,20355.8117585925,12692.7732898571,9218.02155887758,13400.9541216272,20967.6796866182,21229.8069727498,36083.1806190932,60727.3774689188,86363.4547564287,102908.77170111,7781.67061153317,7631.66842777265,13230.2438130491,61015.9102339992,62025.1088285627,78123.9905058683,79204.6430410391,80828.124311811,83895.8122534981,83573.682442191,0,1919.14889595996,60263.1375340342,84898.5684060562,35650.3551365888,84550.0290783994,83892.9372415472,123208.120469869,61164.4627995809,80308.1376625069,80828.816729914,81583.7720237255,82488.7173890941,82957.269841903,83446.5344569314,83473.689061153,102814.475674204,61125.9134870944,85155.6867187582,101065.976342252,101800.924004153,84604.2856170757,148157.748535453,176337.781488984,102580.252117568,124095.176015201,9965.17361533826,12655.0900037366,16022.8144286074,7192.42069027007,148257.049498386,165169.560865639,77615.20073215,76708.113330499
"s.6",78456.5519178817,76125.1887665989,71653.9737576617,70546.9117061397,67620.6739526892,57752.7963521022,54259.397784559,47378.9920611013,42621.4589965923,38248.2124170498,36001.224243447,35526.9744365054,33711.3540524254,31430.0562274861,26927.487327192,22274.9606545525,14611.922185817,11137.1704548375,15320.1030175871,22886.8285825781,23148.9558687097,38002.3295150531,62646.5263648787,88282.6036523886,104827.92059707,9700.81950749313,9550.81732373262,15149.3927090091,62935.0591299591,63944.2577245226,80043.1394018283,81123.7919369991,82747.273207771,85814.961149458,85492.831338151,1919.14889595996,0,62182.2864299942,86817.7173020161,37569.5040325488,86469.1779743594,85812.0861375072,125127.269365829,63083.6116955408,82227.2865584669,82747.965625874,83502.9209196854,84407.866285054,84876.418737863,85365.6833528913,85392.8379571129,104733.624570164,63045.0623830544,87074.8356147181,102985.125238211,103720.072900113,86523.4345130357,150076.897431412,178256.930384944,104499.401013528,126014.324911161,8046.0247193783,10735.9411077766,14103.6655326474,5273.27179431011,150176.198394346,167088.709761598,79534.34962811,78627.2622264589
"ws.55",126706.967169848,124375.604018566,119904.389009628,118797.326958106,115871.089204656,106003.211604069,102509.813036526,95629.4073130682,90871.8742485593,86498.6276690168,84251.639495414,83777.3896884725,81961.7693043924,79680.4714794532,75177.9025791591,70525.3759065197,62862.3374377843,59387.5857068049,46862.1834124071,39295.4578474161,39033.3305612846,24533.5052160288,1020.72268322411,26100.3172223945,42645.6341670758,52481.4669225011,52631.4691062616,47032.8937209852,2382.86598360267,3753.5937622686,17860.8529718342,18941.5055070049,20564.9867777767,23632.6747194639,23310.5449081567,60263.1375340342,62182.2864299942,0,24635.4308720222,24995.6273390387,24286.8915443655,23629.7997075132,62944.9829358355,3024.29096827993,20045.000128473,20565.6791958801,21320.6344896915,22225.5798550601,22694.1323078691,23183.3969228974,23210.551527119,42551.3381401706,1682.85579271808,24892.5491847242,40802.8388082177,41537.7864701188,24341.1480830418,87894.6110014193,116074.643954952,42317.1145835343,63832.0384811676,70228.3111493725,72918.2275377707,76285.9519626415,67455.5582243043,87993.9119643531,104906.423331606,127784.764880077,126877.677478426
"ws.13",151342.39804187,149011.034890587,144539.81988165,143432.757830128,140506.520076678,130638.642476091,127145.243908548,120264.83818509,115507.305120581,111134.058541039,108887.070367436,108412.820560494,106597.200176414,104315.902351475,99813.333451181,95160.8067785415,87497.7683098062,84023.0165788267,71497.6142844291,63930.8887194382,63668.7614333067,49168.9360880508,24585.4341815028,2782.87180696529,18010.2032950536,77116.8977945231,77266.8999782836,71668.3245930072,25373.9338517716,25483.1920169953,10171.3725039872,8552.20375114038,6327.42580675085,2320.74160915169,1998.52297501195,84898.5684060562,86817.7173020161,24635.4308720222,0,49631.0582110609,641.424984677267,1327.80538723052,38309.5520638132,25722.4731794284,8183.02493448883,8025.94441424002,7303.1930720934,6518.31735549719,5386.9757117044,4305.63479583325,3239.95669473315,17915.9072681484,24683.9900565652,520.715404020833,16167.4079361955,16902.3555980967,1410.63788649895,63259.180129397,91439.2130829295,17681.6837115122,39196.6076091454,94863.7420213948,97553.658409793,100921.382834664,92090.9890963266,63358.4810923308,80270.9924595833,152420.195752098,151513.108350447
"s.11",102094.184772403,99762.8216211206,95291.6066121834,94184.5445606614,91258.3068072109,81390.4292066239,77897.0306390807,71016.6249156231,66259.0918511142,61885.8452715717,59638.8570979689,59164.6072910273,57348.9869069473,55067.689082008,50565.1201817139,45912.5935090744,38249.5550403389,34774.8033093595,22249.4010149617,14682.6754499707,14420.5481638392,815.670424097647,25459.8672739232,51095.9445614331,67641.2615061146,27868.6845250557,28018.6867088162,22420.1113235398,25748.4000390036,26757.5986335672,42856.4803108727,43937.1328460435,45560.6141168154,48628.3020585025,48306.1722471954,35650.3551365888,37569.5040325488,24995.6273390387,49631.0582110609,0,49282.5188834041,48625.4270465518,87940.6102748739,25896.9526045854,45040.6274675115,45561.3065349186,46316.2618287301,47221.2071940987,47689.7596469077,48179.024261936,48206.1788661576,67546.9654792092,25858.4032920989,49888.1765237628,65798.4661472563,66533.4138091575,49336.7754220804,112890.238340458,141070.27129399,67312.741922573,88827.6658202061,45615.528751927,48305.4451403253,51673.1695651961,42842.7758268589,112989.539303392,129902.050670644,103171.982482632,102264.895080981
"ws.PVTSS",150993.858714213,148662.49556293,144191.280553993,143084.218502471,140157.980749021,130290.103148434,126796.704580891,119916.298857433,115158.765792924,110785.519213382,108538.531039779,108064.281232838,106248.660848758,103967.363023818,99464.7941235242,94812.2674508848,87149.2289821494,83674.47725117,71149.0749567724,63582.3493917814,63320.2221056499,48820.3967603941,24236.894853846,3424.29679164255,18358.7426227104,76768.3584668663,76918.3606506268,71319.7852653504,25025.3945241148,25134.6526893385,9822.83317633002,8203.66442348324,5686.00082207467,1720.73287410784,1357.09799033469,84550.0290783994,86469.1779743594,24286.8915443655,641.424984677267,49282.5188834041,0,686.380402554347,38658.09139147,25373.9338517716,7541.59994981266,7384.51942956384,6661.76808741722,5876.89237082047,4745.55072702713,3664.20981115598,2598.53171005588,18264.4465958052,24335.4507289084,1162.1403886981,16515.9472638523,17250.8949257535,1969.23037190872,63607.7194570537,91787.7524105863,18030.2230391689,39545.1469368021,94515.202693738,97205.1190821363,100572.843507007,91742.4497686698,63707.0204199876,80619.53178724,152071.656424442,151164.569022791
"ws.4",150336.766877361,148005.403726078,143534.188717141,142427.126665619,139500.888912169,129633.011311582,126139.612744039,119259.207020581,114501.673956072,110128.42737653,107881.439202927,107407.189395985,105591.569011905,103310.271186966,98807.702286672,94155.1756140326,86492.1371452972,83017.3854143178,70491.9831199202,62925.2575549292,62663.1302687977,48163.3049235419,23579.8030169938,4110.67719419581,19015.8344595626,76111.2666300141,76261.2688137746,70662.6934284982,24368.3026872626,24477.5608524863,9165.74133947758,7546.5725866308,4999.62041952033,1407.09871825455,670.717587781432,83892.9372415472,85812.0861375072,23629.7997075132,1327.80538723052,48625.4270465518,686.380402554347,0,39315.1832283222,24716.8420149194,6855.21954725832,6698.1390270095,5975.38768486287,5190.51196826667,4059.17032447388,2977.82940860272,1912.15130750263,18921.5384326574,23678.3588920562,1848.52079125136,17173.0391007045,17907.9867626057,2282.86452776201,64264.811293906,92444.8442474385,18687.3148760211,40202.2387736543,93858.1108568858,96548.027245284,99915.7516701548,91085.3579318176,64364.1122568398,81276.6236240923,151414.56458759,150507.477185939
"bpns.WZ",189651.950105682,187320.586954399,182849.371945462,181742.30989394,178816.072140489,168948.194539903,165454.79597236,158574.390248902,153816.857184393,149443.610604851,147196.622431248,146722.372624307,144906.752240227,142625.454415288,138122.885514994,133470.358842354,125807.320373619,122332.56864264,109807.166348242,102240.440783251,101978.31349712,87478.488151864,62894.986245316,39228.022061524,22122.0190439675,115426.449858336,115576.452042097,109977.87665682,63683.4859155848,63792.7440808085,48480.9245677983,46861.7558149515,44285.5150821393,39312.3082163716,39634.4380276787,123208.120469869,125127.269365829,62944.9829358355,38309.5520638132,87940.6102748739,38658.09139147,39315.1832283222,0,64032.0252432417,45965.3828156652,45486.1280726953,44441.2025078277,43246.2868714042,42114.9452276098,41004.3157460345,40231.5233019545,23127.6502084775,62993.5421203785,38466.6769954776,27278.7603577501,27625.8621794319,39515.1699903983,24949.6280655841,53129.6610191167,20793.5656500485,1941.44391060671,133173.294085208,135863.210473606,139230.934898477,130400.54116014,25048.929028518,41961.4403957705,190729.747815911,189822.66041426
"ws.F42",127608.292435395,125276.929284112,120805.714275175,119698.652223653,116772.414470203,106904.536869616,103411.138302072,96530.7325786149,91773.1995141059,87399.9529345635,85152.9647609607,84678.7149540191,82863.0945699391,80581.7967449998,76079.2278447058,71426.7011720663,63763.6627033309,60288.9109723515,47763.5086779537,40196.7831129628,39934.6558268312,25434.8304815754,2044.98453468908,27187.3595298006,43732.6764744819,53382.7921880478,53532.7943718083,47934.2189865318,641.424984677267,977.800291789516,18947.8952792407,20028.5478144113,21652.0290851828,24719.71702687,24397.5872155629,61164.4627995809,63083.6116955408,3024.29096827993,25722.4731794284,25896.9526045854,25373.9338517716,24716.8420149194,64032.0252432417,0,21132.0424358793,21652.7215032863,22407.6767970976,23312.6221624662,23781.1746152752,24270.4392303035,24297.5938345251,43638.3804475767,1507.1001740952,25979.5914921303,41889.8811156238,42624.828777525,25428.1903904479,88981.6533088254,117161.686262358,43404.1568909405,64919.0807885737,71129.636414919,73819.5528033173,77187.2772281881,68356.8834898509,89080.9542717593,105993.465639012,128686.090145623,127779.002743972
"ws.25A",146751.967298321,144420.604147038,139949.389138101,138842.327086579,135916.089333128,126048.211732542,122554.813164998,115674.407441541,110916.874377032,106543.627797489,104296.639623887,103822.389816945,102006.769432865,99725.4716079258,95222.9027076317,90570.3760349923,82907.3375662569,79432.5858352775,66907.1835408799,59340.4579758889,59078.3306897574,44578.5053445016,19995.0034379535,10965.8967414476,25666.0340469056,72526.4670509738,72676.4692347344,67077.8938494579,20783.5031082223,20892.7612734467,2515.54175213307,1103.4946214682,1855.59912773799,6653.07459929456,6330.94478798804,80308.1376625069,82227.2865584669,20045.000128473,8183.02493448883,45040.6274675115,7541.59994981266,6855.21954725832,45965.3828156652,21132.0424358793,0,520.679067407096,1524.18030783757,2719.09594426107,3850.43758805547,4961.06706963095,5733.85951371146,25571.7380200005,20093.5593130159,8703.74033850831,23823.2386880494,24558.1863499506,8972.41907647961,70915.010881249,99095.0438347816,25337.5144633641,46852.4383609974,90273.3112778454,92963.2276662437,96330.9520911145,87500.5583527772,71014.3118441829,87926.8232114354,147829.765008549,146922.677606898
"ws.25",147272.646365728,144941.283214445,140470.068205508,139363.006153986,136436.768400536,126568.890799949,123075.492232406,116195.086508948,111437.553444439,107064.306864897,104817.318691294,104343.068884352,102527.448500272,100246.150675333,95743.5817750388,91091.0551023994,83428.016633664,79953.2649026846,67427.862608287,59861.137043296,59599.0097571645,45099.1844119087,20515.6825053606,10808.8162211988,25186.7793039357,73047.1461183809,73197.1483021414,67598.572916865,21304.1821756294,21413.4403408537,2994.796495103,1624.17368887529,1698.51860748999,6173.8198563248,6027.4214392297,80828.816729914,82747.965625874,20565.6791958801,8025.94441424002,45561.3065349186,7384.51942956384,6698.1390270095,45486.1280726953,21652.7215032863,520.679067407096,0,1044.92556486763,2239.84120129114,3371.18284508568,4481.81232666119,5254.6047707417,25092.4832770306,20614.238380423,8546.65981825949,23343.9839450797,24078.9316069808,8815.33855623079,70435.7561382791,98615.7890918116,24858.2597203942,46373.1836180274,90793.9903452525,93483.9067336508,96851.6311585216,88021.2374201843,70535.057101213,87447.5684684654,148350.444075956,147443.356674305
"ws.23",148027.601659539,145696.238508256,141225.023499319,140117.961447797,137191.723694347,127323.84609376,123830.447526217,116950.041802759,112192.50873825,107819.262158708,105572.273985105,105098.024178164,103282.403794084,101001.105969144,96498.5370688503,91846.0103962109,84182.9719274755,80708.220196496,68182.8179020984,60616.0923371074,60353.9650509759,45854.1397057201,21270.637799172,10086.0648790543,24141.8537390681,73802.1014121924,73952.1035959529,68353.5282106765,22059.1374694408,22168.3956346646,4039.72205997064,2420.55330712389,1224.26476314722,5128.89429145723,5304.67009708308,81583.7720237255,83502.9209196854,21320.6344896915,7303.1930720934,46316.2618287301,6661.76808741722,5975.38768486287,44441.2025078277,22407.6767970976,1524.18030783757,1044.92556486763,0,1194.91563642351,2326.25728021811,3436.88676179362,4209.67920587414,24047.5577121629,21369.1936742344,7823.90847611286,22299.0583802121,23034.0060421133,8092.58721408716,69390.8305734115,97570.863526944,23813.3341555266,45328.2580531598,91548.945639064,94238.8620274623,97606.586452333,88776.1927139958,69490.1315363453,86402.6429035978,149105.399369767,148198.311968116
"ws.A5",148932.547024908,146601.183873625,142129.968864688,141022.906813166,138096.669059715,128228.791459129,124735.392891586,117854.987168128,113097.454103619,108724.207524077,106477.219350474,106002.969543532,104187.349159452,101906.051334513,97403.4824342189,92750.9557615795,85087.9172928441,81613.1655618646,69087.763267467,61521.0377024761,61258.9104163445,46759.0850710887,22175.5831645406,9301.18916246247,22946.9381026446,74707.046777561,74857.0489613215,69258.4735760451,22964.0828348094,23073.3410000332,5234.63769639414,3615.4689435474,1660.59307728344,4197.57574635097,4519.79438048633,82488.7173890941,84407.866285054,22225.5798550601,6518.31735549719,47221.2071940987,5876.89237082047,5190.51196826667,43246.2868714042,23312.6221624662,2719.09594426107,2239.84120129114,1194.91563642351,0,1131.34164379471,2241.97112537022,3278.36066076786,22852.6420757395,22274.139039603,7039.03275951802,21104.1427437887,21839.0904056899,7307.71149749532,68195.914936988,96375.9478905205,22618.4185191031,44133.3424167363,92453.8910044326,95143.8073928309,98511.5318177016,89681.1380793644,68295.2158999218,85207.7272671743,150010.344735136,149103.257333485
"ws.A3",149401.099477717,147069.736326434,142598.521317497,141491.459265975,138565.221512524,128697.343911938,125203.945344395,118323.539620937,113566.006556428,109192.759976886,106945.771803283,106471.521996341,104655.901612261,102374.603787322,97872.0348870279,93219.5082143884,85556.469745653,82081.7180146736,69556.315720276,61989.590155285,61727.4628691535,47227.6375238977,22644.1356173496,8169.84751866968,21815.5964588502,75175.5992303699,75325.6014141305,69727.0260288541,23432.6352876184,23541.8934528421,6365.97934018854,4746.8105873418,2170.56985452952,3066.23410255626,3388.45273669245,82957.269841903,84876.418737863,22694.1323078691,5386.9757117044,47689.7596469077,4745.55072702713,4059.17032447388,42114.9452276098,23781.1746152752,3850.43758805547,3371.18284508568,2326.25728021811,1131.34164379471,0,1110.62948157551,2147.01901697316,21721.3004319451,22742.691492412,5907.69111572523,19972.801099994,20707.7487618952,6176.36985370253,67064.5732931936,95244.6062467261,21487.0768753087,43002.0007729419,92922.4434572416,95612.3598456399,98980.0842705106,90149.6905321734,67163.8742561274,84076.3856233799,150478.897187945,149571.809786294
"ws.A1",149890.364092745,147559.000941462,143087.785932525,141980.723881003,139054.486127553,129186.608526966,125693.209959423,118812.804235965,114055.271171456,109682.024591914,107435.036418311,106960.78661137,105145.166227289,102863.86840235,98361.2995020562,93708.7728294168,86045.7343606814,82570.9826297019,70045.5803353043,62478.8547703134,62216.7274841819,47716.902138926,23133.4002323779,7088.50660279853,20704.966977275,75664.8638453983,75814.8660291588,70216.2906438824,23921.8999026467,24031.1580678705,7476.60882176382,5857.44006891707,3281.19933610479,1984.89318668265,2307.11182082129,83446.5344569314,85365.6833528913,23183.3969228974,4305.63479583325,48179.024261936,3664.20981115598,2977.82940860272,41004.3157460345,24270.4392303035,4961.06706963095,4481.81232666119,3436.88676179362,2241.97112537022,1110.62948157551,0,1065.6781011001,20610.6709503698,23231.9561074403,4826.35019985408,18862.1716184185,19597.1192803197,5095.02893783138,65953.9438116183,94133.9767651508,20376.4473937335,41891.3712913666,93411.7080722699,96101.6244606682,99469.348885539,90638.9551472017,66053.2447745521,82965.7561418046,150968.161802974,150061.074401323
"ws.15A",149917.518696967,147586.155545684,143114.940536747,142007.878485225,139081.640731774,129213.763131188,125720.364563644,118839.958840187,114082.425775678,109709.179196135,107462.191022533,106987.941215591,105172.320831511,102891.023006572,98388.4541062778,93735.9274336383,86072.8889649029,82598.1372339235,70072.7349395259,62506.0093745349,62243.8820884034,47744.0567431476,23160.5548365995,6022.82850169843,19932.174533195,75692.0184496198,75842.0206333804,70243.445248104,23949.0545068683,24058.312672092,8249.40126584406,6630.23251299728,4053.9917801849,919.215085583101,1241.43371972119,83473.689061153,85392.8379571129,23210.551527119,3239.95669473315,48206.1788661576,2598.53171005588,1912.15130750263,40231.5233019545,24297.5938345251,5733.85951371146,5254.6047707417,4209.67920587414,3278.36066076786,2147.01901697316,1065.6781011001,0,19837.8785062898,23259.1107116619,3760.67209875398,18089.379174338,18824.3268362392,4070.76708636454,65181.1513675383,93361.1843210708,19603.6549496535,41118.5788472866,93438.8626764915,96128.7790648898,99496.5034897605,90666.1097514233,65280.4523304722,82192.9636977246,150995.316407195,150088.229005544
"ws.TRAWL",169258.305310018,166926.942158735,162455.727149798,161348.665098276,158422.427344825,148554.549744239,145061.151176696,138180.745453238,133423.212388729,129049.965809187,126802.977635584,126328.727828643,124513.107444563,122231.809619623,117729.240719329,113076.71404669,105413.675577954,101938.923846975,89413.5215525774,81846.7959875865,81584.668701455,67084.8433561992,42501.3414496511,16597.4637462867,1327.80538723145,95032.8050626713,95182.8072464318,89584.2318611554,43289.84111992,43399.0992851436,28087.2797721335,26468.1110192868,23891.8702864745,18918.6634207069,19240.793232014,102814.475674204,104733.624570164,42551.3381401706,17915.9072681484,67546.9654792092,18264.4465958052,18921.5384326574,23127.6502084775,43638.3804475767,25571.7380200005,25092.4832770306,24047.5577121629,22852.6420757395,21721.3004319451,20610.6709503698,19837.8785062898,0,42599.8973247135,17658.7889554464,4151.1101492731,5259.71467920491,18210.1900571291,48077.2782740616,76257.3112275943,3534.91575221124,24014.7057538101,112779.649289543,115469.565677942,118837.290102812,110006.896364475,48176.5792369955,65089.090604248,170336.103020246,169429.015618595
"ws.53",127569.743122909,125238.379971626,120767.164962689,119660.102911167,116733.865157716,106865.987557129,103372.588989586,96492.1832661284,91734.6502016195,87361.403622077,85114.4154484742,84640.1656415327,82824.5452574526,80543.2474325134,76040.6785322193,71388.1518595799,63725.1133908445,60250.3616598651,47724.9593654673,40158.2338004763,39896.1065143448,25396.281169089,662.133109493977,26148.8764069374,42694.1933516187,53344.2428755613,53494.2450593218,47895.6696740454,865.67518941821,2070.73796955051,17909.4121563771,18990.0646915478,20613.5459623196,23681.2339040068,23359.1040926997,61125.9134870944,63045.0623830544,1682.85579271808,24683.9900565652,25858.4032920989,24335.4507289084,23678.3588920562,62993.5421203785,1507.1001740952,20093.5593130159,20614.238380423,21369.1936742344,22274.139039603,22742.691492412,23231.9561074403,23259.1107116619,42599.8973247135,0,24941.1083692671,40851.3979927606,41586.3456546618,24389.7072675847,87943.1701859622,116123.203139495,42365.6737680773,63880.5976657105,71091.0871024327,73781.0034908309,77148.7279157017,68318.3341773645,88042.471148896,104954.982516149,128647.540833137,127740.453431486
"ws.11",151599.516354572,149268.153203289,144796.938194352,143689.87614283,140763.63838938,130895.760788793,127402.36222125,120521.956497792,115764.423433283,111391.176853741,109144.188680138,108669.938873196,106854.318489116,104573.020664177,100070.451763883,95417.9250912435,87754.8866225081,84280.1348915287,71754.7325971311,64188.0070321402,63925.8797460087,49426.0544007528,24842.5524942048,2262.15640294445,17753.0849823517,77374.016107225,77524.0182909856,71925.4429057092,25631.0521644736,25740.3103296973,10428.4908166895,8867.89919524652,6848.14121077032,2841.45701317252,2519.23837903279,85155.6867187582,87074.8356147181,24892.5491847242,520.715404020833,49888.1765237628,1162.1403886981,1848.52079125136,38466.6769954776,25979.5914921303,8703.74033850831,8546.65981825949,7823.90847611286,7039.03275951802,5907.69111572523,4826.35019985408,3760.67209875398,17658.7889554464,24941.1083692671,0,15910.2896234935,16645.2372853947,1048.4929949209,63416.3050610613,91596.3380145939,17673.1113454292,39353.7325408097,95120.8603340968,97810.776722495,101178.501147366,92348.1074090286,63515.6060239952,80428.1173912477,152677.3140648,151770.226663149
"ws.OGDL",167509.805978065,165178.442826782,160707.227817845,159600.165766323,156673.928012873,146806.050412286,143312.651844743,136432.246121285,131674.713056776,127301.466477234,125054.478303631,124580.22849669,122764.60811261,120483.31028767,115980.741387376,111328.214714737,103665.176246002,100190.424515022,87665.0222206245,80098.2966556336,79836.1693695021,65336.3440242464,40752.8421176982,14848.9644143337,5449.62697080237,93284.3057307184,93434.3079144789,87835.7325292025,41541.341787967,41650.5999531907,26338.780440182,24719.6116873352,22143.3709545229,17170.1640887549,17492.2939000615,101065.976342252,102985.125238211,40802.8388082177,16167.4079361955,65798.4661472563,16515.9472638523,17173.0391007045,27278.7603577501,41889.8811156238,23823.2386880494,23343.9839450797,22299.0583802121,21104.1427437887,19972.801099994,18862.1716184185,18089.379174338,4151.1101492731,40851.3979927606,15910.2896234935,0,1262.14184453791,16461.6907251762,52228.3884233342,80408.4213768668,7656.73733577943,28165.8159030826,111031.14995759,113721.066345988,117088.790770859,108258.397032522,52327.6893862681,69240.2007535205,168587.603688293,167680.516286642
"ws.OG10",168244.753639966,165913.390488683,161442.175479746,160335.113428224,157408.875674774,147540.998074187,144047.599506644,137167.193783187,132409.660718678,128036.414139135,125789.425965532,125315.176158591,123499.555774511,121218.257949572,116715.689049277,112063.162376638,104400.123907903,100925.372176923,88399.9698825256,80833.2443175347,80571.1170314032,66071.2916861475,41487.7897795994,15583.9120762349,6587.52006643609,94019.2533926196,94169.2555763801,88570.6801911037,42276.2894498682,42385.5476150919,27073.7281020832,25454.5593492364,22878.318616424,17905.1117506561,18227.2415619626,101800.924004153,103720.072900113,41537.7864701188,16902.3555980967,66533.4138091575,17250.8949257535,17907.9867626057,27625.8621794319,42624.828777525,24558.1863499506,24078.9316069808,23034.0060421133,21839.0904056899,20707.7487618952,19597.1192803197,18824.3268362392,5259.71467920491,41586.3456546618,16645.2372853947,1262.14184453791,0,17196.6383870774,52575.4902450161,80755.5231985487,8794.63043141315,28512.9177247644,111766.097619491,114456.01400789,117823.73843276,108993.344694423,52674.7912079499,69587.3025752024,169322.551350194,168415.463948543
"ws.2C",151048.115252889,148716.752101606,144245.537092669,143138.475041147,140212.237287697,130344.35968711,126850.961119567,119970.55539611,115213.022331601,110839.775752058,108592.787578455,108118.537771514,106302.917387434,104021.619562495,99519.0506622005,94866.5239895611,87203.4855208257,83728.7337898463,71203.3314954487,63636.6059304577,63374.4786443262,48874.6532990704,24291.1513925223,1993.47766496797,18304.4860840343,76822.6150055426,76972.6171893031,71374.0418040267,25079.6510627911,25188.9092280148,10345.706766238,9136.57793321782,7116.81994874162,3689.96324601656,2912.16586591002,84604.2856170757,86523.4345130357,24341.1480830418,1410.63788649895,49336.7754220804,1969.23037190872,2282.86452776201,39515.1699903983,25428.1903904479,8972.41907647961,8815.33855623079,8092.58721408716,7307.71149749532,6176.36985370253,5095.02893783138,4070.76708636454,18210.1900571291,24389.7072675847,1048.4929949209,16461.6907251762,17196.6383870774,0,64464.7980559821,92644.8310095146,18721.6043403499,40402.2255357304,94569.4592324143,97259.3756208126,100627.100045683,91796.7063073461,64564.0990189159,81476.6103861684,152125.912963118,151218.825561467
"bpns.WENDUINEBANKW",214601.578171265,212270.215019982,207799.000011045,206691.937959523,203765.700206073,193897.822605486,190404.424037943,183524.018314485,178766.485249977,174393.238670434,172146.250496832,171672.00068989,169856.38030581,167575.082480871,163072.513580577,158419.986907938,150756.948439203,147282.196708223,134756.794413826,127190.068848835,126927.941562703,112428.116217448,87844.6143108998,64177.6501271078,47071.6471095517,140376.07792392,140526.08010768,134927.504722404,88633.1139811686,88742.3721463923,73430.5526333821,71811.3838805354,69235.1431477231,64261.9362819554,64584.0660932625,148157.748535453,150076.897431412,87894.6110014193,63259.180129397,112890.238340458,63607.7194570537,64264.811293906,24949.6280655841,88981.6533088254,70915.010881249,70435.7561382791,69390.8305734115,68195.914936988,67064.5732931936,65953.9438116183,65181.1513675383,48077.2782740616,87943.1701859622,63416.3050610613,52228.3884233342,52575.4902450161,64464.7980559821,0,28180.0329535324,45743.1937156324,24062.5725202515,158122.922150793,160812.838539191,164180.562964061,155350.169225724,1739.93485712329,21485.6393693352,215679.375881495,214772.288479844
"bpns.Trapegeer",242781.611124797,240450.247973514,235979.032964577,234871.970913055,231945.733159604,222077.855559018,218584.456991475,211704.051268017,206946.518203508,202573.271623966,200326.283450363,199852.033643422,198036.413259342,195755.115434403,191252.546534109,186600.019861469,178936.981392734,175462.229661755,162936.827367358,155370.101802367,155107.974516235,140608.14917098,116024.647264432,92357.6830806404,75251.6800630843,168556.110877452,168706.113061212,163107.537675936,116813.146934701,116922.405099925,101610.585586915,99991.4168340679,97415.1761012556,92441.9692354879,92764.099046795,176337.781488984,178256.930384944,116074.643954952,91439.2130829295,141070.27129399,91787.7524105863,92444.8442474385,53129.6610191167,117161.686262358,99095.0438347816,98615.7890918116,97570.863526944,96375.9478905205,95244.6062467261,94133.9767651508,93361.1843210708,76257.3112275943,116123.203139495,91596.3380145939,80408.4213768668,80755.5231985487,92644.8310095146,28180.0329535324,0,73923.2266691649,52242.6054737841,186302.955104327,188992.871492725,192360.595917596,183530.202179258,28080.7319905986,22561.472681443,243859.40883503,242952.321433379
"ws.W7",169024.081753381,166692.718602099,162221.503593162,161114.44154164,158188.203788189,148320.326187602,144826.927620059,137946.521896602,133188.988832093,128815.742252551,126568.754078948,126094.504272006,124278.883887926,121997.586062987,117495.017162693,112842.490490054,105179.452021318,101704.700290339,89179.2979959411,81612.5724309502,81350.4451448187,66850.619799563,42267.1178930149,18434.4564114757,2207.11036497979,94798.5815060351,94948.5836897956,89350.0083045192,43055.6175632837,43164.8757285074,27853.0562154972,26233.8874626505,23657.6467298382,18684.4398640706,19006.5696753777,102580.252117568,104499.401013528,42317.1145835343,17681.6837115122,67312.741922573,18030.2230391689,18687.3148760211,20793.5656500485,43404.1568909405,25337.5144633641,24858.2597203942,23813.3341555266,22618.4185191031,21487.0768753087,20376.4473937335,19603.6549496535,3534.91575221124,42365.6737680773,17673.1113454292,7656.73733577943,8794.63043141315,18721.6043403499,45743.1937156324,73923.2266691649,0,21680.6211953808,112545.425732907,115235.342121305,118603.066546176,109772.672807839,45842.4946785662,62755.0060458187,170101.879463611,169194.79206196
"bpns.zbw2",190539.005651014,188207.642499731,183736.427490794,182629.365439272,179703.127685822,169835.250085235,166341.851517692,159461.445794234,154703.912729725,150330.666150183,148083.67797658,147609.428169639,145793.807785559,143512.50996062,139009.941060326,134357.414387687,126694.375918951,123219.624187972,110694.221893574,103127.496328583,102865.369042452,88365.5436971961,63782.0417906481,40115.0776068561,23009.0745893001,116313.505403668,116463.507587429,110864.932202152,64570.541460917,64679.7996261407,49367.9801131304,47748.8113602837,45172.5706274714,40199.3637617037,40521.4935730109,124095.176015201,126014.324911161,63832.0384811676,39196.6076091454,88827.6658202061,39545.1469368021,40202.2387736543,1941.44391060671,64919.0807885737,46852.4383609974,46373.1836180274,45328.2580531598,44133.3424167363,43002.0007729419,41891.3712913666,41118.5788472866,24014.7057538101,63880.5976657105,39353.7325408097,28165.8159030826,28512.9177247644,40402.2255357304,24062.5725202515,52242.6054737841,21680.6211953808,0,134060.34963054,136750.266018939,140117.990443809,131287.596705472,24161.8734831854,41074.3848504378,191616.803361243,190709.715959592
"s.4c",86502.5766372599,84171.2134859771,79699.9984770399,78592.9364255179,75666.6986720674,65798.8210714804,62305.4225039372,55425.0167804795,50667.4837159705,46294.237136428,44047.2489628252,43572.9991558836,41757.3787718036,39476.0809468643,34973.5120465702,30320.9853739307,22657.9469051953,19183.1951742158,23366.1277369654,30932.8533019564,31194.980588088,46048.3542344314,70692.551084257,96328.6283717669,112873.945316448,17746.8442268714,17596.8420431109,23195.4174283874,70981.0838493374,71990.2824439009,88089.1641212065,89169.8166563773,90793.2979271492,93860.9858688363,93538.8560575292,9965.17361533826,8046.0247193783,70228.3111493725,94863.7420213948,45615.528751927,94515.202693738,93858.1108568858,133173.294085208,71129.636414919,90273.3112778454,90793.9903452525,91548.945639064,92453.8910044326,92922.4434572416,93411.7080722699,93438.8626764915,112779.649289543,71091.0871024327,95120.8603340968,111031.14995759,111766.097619491,94569.4592324143,158122.922150793,186302.955104327,112545.425732907,134060.34963054,0,2689.91638839831,6057.64081326909,2772.75292506819,158222.223113724,175134.734480976,87580.3743474881,86673.2869458371
"s.4b",89192.4930256582,86861.1298743754,82389.9148654382,81282.8528139162,78356.6150604657,68488.7374598787,64995.3388923355,58114.9331688778,53357.4001043688,48984.1535248263,46737.1653512235,46262.9155442819,44447.2951602019,42165.9973352626,37663.4284349685,33010.901762329,25347.8632935936,21873.1115626141,26056.0441253637,33622.7696903547,33884.8969764862,48738.2706228297,73382.4674726553,99018.5447601652,115563.861704847,20436.7606152697,20286.7584315092,25885.3338167857,73671.0002377356,74680.1988322992,90779.0805096048,91859.7330447756,93483.2143155475,96550.9022572346,96228.7724459275,12655.0900037366,10735.9411077766,72918.2275377707,97553.658409793,48305.4451403253,97205.1190821363,96548.027245284,135863.210473606,73819.5528033173,92963.2276662437,93483.9067336508,94238.8620274623,95143.8073928309,95612.3598456399,96101.6244606682,96128.7790648898,115469.565677942,73781.0034908309,97810.776722495,113721.066345988,114456.01400789,97259.3756208126,160812.838539191,188992.871492725,115235.342121305,136750.266018939,2689.91638839831,0,3367.72442487078,5462.6693134665,160912.139502122,177824.650869375,90270.2907358864,89363.2033342354
"s.4a",92560.2174505289,90228.854299246,85757.6392903089,84650.5772387868,81724.3394853364,71856.4618847493,68363.0633172062,61482.6575937486,56725.1245292396,52351.8779496971,50104.8897760943,49630.6399691527,47815.0195850726,45533.7217601334,41031.1528598393,36378.6261871998,28715.5877184643,25240.8359874849,29423.7685502345,36990.4941152255,37252.621401357,52105.9950477005,76750.191897526,102386.269185036,118931.586129717,23804.4850401405,23654.48285638,29253.0582416564,77038.7246626064,78047.9232571699,94146.8049344756,95227.4574696464,96850.9387404183,99918.6266821054,99596.4968707983,16022.8144286074,14103.6655326474,76285.9519626415,100921.382834664,51673.1695651961,100572.843507007,99915.7516701548,139230.934898477,77187.2772281881,96330.9520911145,96851.6311585216,97606.586452333,98511.5318177016,98980.0842705106,99469.348885539,99496.5034897605,118837.290102812,77148.7279157017,101178.501147366,117088.790770859,117823.73843276,100627.100045683,164180.562964061,192360.595917596,118603.066546176,140117.990443809,6057.64081326909,3367.72442487078,0,8830.39373833728,164279.863926993,181192.375294245,93638.0151607571,92730.9277591061
"s.5",83729.8237121917,81398.4605609089,76927.2455519717,75820.1835004497,72893.9457469992,63026.0681464122,59532.6695788691,52652.2638554113,47894.7307909024,43521.4842113598,41274.4960377571,40800.2462308155,38984.6258467354,36703.3280217962,32200.759121502,27548.2324488625,19885.1939801271,16410.4422491477,20593.3748118973,28160.1003768882,28422.2276630198,43275.6013093632,67919.7981591888,93555.8754466987,110101.19239138,14974.0913018032,14824.0891180427,20422.6645033192,68208.3309242692,69217.5295188327,85316.4111961383,86397.0637313091,88020.545002081,91088.2329437681,90766.103132461,7192.42069027007,5273.27179431011,67455.5582243043,92090.9890963266,42842.7758268589,91742.4497686698,91085.3579318176,130400.54116014,68356.8834898509,87500.5583527772,88021.2374201843,88776.1927139958,89681.1380793644,90149.6905321734,90638.9551472017,90666.1097514233,110006.896364475,68318.3341773645,92348.1074090286,108258.397032522,108993.344694423,91796.7063073461,155350.169225724,183530.202179258,109772.672807839,131287.596705472,2772.75292506819,5462.6693134665,8830.39373833728,0,155449.470188656,172361.981555908,84807.62142242,83900.5340207689
"bpns.Nautica.Ena",214700.879134199,212369.515982916,207898.300973979,206791.238922457,203865.001169006,193997.12356842,190503.725000877,183623.319277419,178865.78621291,174492.539633368,172245.551459765,171771.301652824,169955.681268744,167674.383443805,163171.814543511,158519.287870871,150856.249402136,147381.497671157,134856.09537676,127289.369811769,127027.242525637,112527.417180382,87943.9152738337,64276.9510900417,47170.9480724856,140475.378886854,140625.381070614,135026.805685338,88732.4149441025,88841.6731093262,73529.853596316,71910.6848434692,69334.4441106569,64361.2372448893,64683.3670561964,148257.049498386,150176.198394346,87993.9119643531,63358.4810923308,112989.539303392,63707.0204199876,64364.1122568398,25048.929028518,89080.9542717593,71014.3118441829,70535.057101213,69490.1315363453,68295.2158999218,67163.8742561274,66053.2447745521,65280.4523304722,48176.5792369955,88042.471148896,63515.6060239952,52327.6893862681,52674.7912079499,64564.0990189159,1739.93485712329,28080.7319905986,45842.4946785662,24161.8734831854,158222.223113724,160912.139502122,164279.863926993,155449.470188656,0,20185.032997741,215778.676844429,214871.589442778
"bpns.Sigurd.Faulbaums",231613.390501451,229282.027350168,224810.812341231,223703.750289709,220777.512536259,210909.634935672,207416.236368129,200535.830644671,195778.297580163,191405.05100062,189158.062827018,188683.813020076,186868.192635996,184586.894811057,180084.325910763,175431.799238124,167768.760769389,164294.009038409,151768.606744012,144201.881179021,143939.753892889,129439.928547634,104856.426641086,81189.4624572942,64083.459439738,157387.890254106,157537.892437866,151939.31705259,105644.926311355,105754.184476579,90442.3649635684,88823.1962107217,86246.9554779094,81273.7486121417,81595.8784234488,165169.560865639,167088.709761598,104906.423331606,80270.9924595833,129902.050670644,80619.53178724,81276.6236240923,41961.4403957705,105993.465639012,87926.8232114354,87447.5684684654,86402.6429035978,85207.7272671743,84076.3856233799,82965.7561418046,82192.9636977246,65089.090604248,104954.982516149,80428.1173912477,69240.2007535205,69587.3025752024,81476.6103861684,21485.6393693352,22561.472681443,62755.0060458187,41074.3848504378,175134.734480976,177824.650869375,181192.375294245,172361.981555908,20185.032997741,0,232691.188211681,231784.10081003
"rel_grotenete1",1077.79771022826,3479.86567684661,7880.37587044843,8987.43792197045,11942.9642411229,21781.553276008,25274.9518435512,32155.3575670089,36912.8906315178,41344.7143424644,43533.1253846632,44007.3751916048,45822.9955756848,48104.293400624,52606.8623009185,57259.3889735577,64922.4274422931,68397.1791732726,80922.5814676702,88489.3070326611,88751.4343187926,103604.807965136,128249.004814961,153885.08210247,170430.399047152,75303.2979575762,75153.2957738157,80751.8711590921,128537.537580042,129546.736174605,145645.61785191,146726.270387081,148349.751657853,151417.43959954,151095.309788233,77615.20073215,79534.34962811,127784.764880077,152420.195752098,103171.982482632,152071.656424442,151414.56458759,190729.747815911,128686.090145623,147829.765008549,148350.444075956,149105.399369767,150010.344735136,150478.897187945,150968.161802974,150995.316407195,170336.103020246,128647.540833137,152677.3140648,168587.603688293,169322.551350194,152125.912963118,215679.375881495,243859.40883503,170101.879463611,191616.803361243,87580.3743474881,90270.2907358864,93638.0151607571,84807.62142242,215778.676844429,232691.188211681,0,907.087401651038
"NA.",170.710308577227,2572.77827519557,6973.2884687974,8080.35052031941,11035.8768394719,20874.465874357,24367.8644419001,31248.2701653578,36005.8032298668,40437.6269408134,42626.0379830121,43100.2877899537,44915.9081740338,47197.205998973,51699.7748992674,56352.3015719066,64015.3400406421,67490.0917716215,80015.4940660191,87582.21963101,87844.3469171416,102697.720563485,127341.91741331,152977.994700819,169523.311645501,74396.2105559252,74246.2083721647,79844.7837574411,127630.450178391,128639.648772954,144738.530450259,145819.18298543,147442.664256202,150510.352197889,150188.222386582,76708.113330499,78627.2622264589,126877.677478426,151513.108350447,102264.895080981,151164.569022791,150507.477185939,189822.66041426,127779.002743972,146922.677606898,147443.356674305,148198.311968116,149103.257333485,149571.809786294,150061.074401323,150088.229005544,169429.015618595,127740.453431486,151770.226663149,167680.516286642,168415.463948543,151218.825561467,214772.288479844,242952.321433379,169194.79206196,190709.715959592,86673.2869458371,89363.2033342354,92730.9277591061,83900.5340207689,214871.589442778,231784.10081003,907.087401651038,0
